"id","label","type","x","y"
"michael-oberst","Michael Oberst","person",-60.2247848510742,-37.9371490478516
"julia-lietzmann","Julia Lietzmann","person",-55.0478744506836,-42.8376197814941
"marcus-paul","Marcus Paul","person",-64.0135879516602,-40.8866081237793
"katja-zimmermann","Katja Zimmermann","person",-64.3600082397461,-43.7175445556641
"tarek-massalme","Tarek Massalme","person",-59.1660079956055,-48.0974082946777
"silke-gebel","Silke Gebel","person",-66.8428649902344,-36.6838645935059
"stefanie-remlinger","Stefanie Remlinger","person",-59.9758796691895,-46.5044631958008
"hanna-steinmueller","Hanna Steinmüller","person",-63.1552391052246,-44.6308631896973
"susanna-kahlefeld","Susanna Kahlefeld","person",-75.1202087402344,-31.1850261688232
"daniel-eliasson","Daniel Eliasson","person",-62.1266593933105,-32.260913848877
"beate-sattler-ashoff","Beate Sattler-Ashoff","person",-64.8510360717773,-37.2631721496582
"rita-keil","Rita Keil","person",-67.9541549682617,-26.213809967041
"bahar-haghanipour","Bahar Haghanipour","person",-73.2536773681641,-29.5600395202637
"klara-schedlich","Klara Schedlich","person",-71.8060607910156,-31.0036354064941
"catrin-wahlen","Catrin Wahlen","person",-74.3140029907227,-33.1346855163574
"louis-krueger","Louis Krüger","person",-74.4507675170898,-28.2840709686279
"hans-joachim-stricker","Hans-Joachim Stricker","person",-70.5911178588867,-50.9234619140625
"saro-gorgis","Saro Gorgis","person",-69.3119659423828,-49.2118721008301
"martin-reents","Martin Reents","person",-79.2921829223633,-31.249547958374
"alexander-kraess","Alexander Kräß","person",-64.6194458007812,-39.9749565124512
"bernd-steinhoff","Bernd Steinhoff","person",-63.1030464172363,-43.4404182434082
"ute-stumm","Ute Stumm","person",-66.9137878417969,-46.1836204528809
"marianne-wagner","Marianne Wagner","person",-61.2054786682129,-51.5733947753906
"ulrike-kipf","Ulrike Kipf","person",-64.9637298583984,-37.3148078918457
"willi-junga","Willi Junga","person",-71.0702590942383,-29.1374111175537
"brigitte-sakrzewski","Brigitte Sakrzewski","person",-72.969123840332,-29.3773937225342
"jonas-graeber","Jonas Graeber","person",-70.2583999633789,-28.1312427520752
"jonathan-philip-aus","Jonathan Philip Aus","person",-72.3439254760742,-32.1726951599121
"elisabeth-giesemann","Elisabeth Giesemann","person",-73.3787078857422,-31.9454727172852
"sonja-heinzen","Sonja Heinzen","person",-71.8059692382812,-32.6988716125488
"johannes-mihram","Johannes Mihram","person",-75.2708053588867,-29.7205467224121
"markus-schopp","Markus Schopp","person",-73.4559631347656,-29.6861476898193
"bogusz-schmidt","Bogusz Schmidt","person",-68.9118499755859,-33.3278427124023
"dennis-mateskovic","Dennis Mateskovic","person",-74.6204986572266,-28.8104457855225
"mika-nyke-lou-asshauer","Mika Nyke Lou Aßhauer","person",-70.4570388793945,-29.6144905090332
"susanne-rudeck","Susanne Rudeck","person",-76.9272232055664,-29.8983135223389
"juliane-roell","Juliane Röll","person",-73.1088485717773,-27.415454864502
"jennifer-bode","Jennifer Bode","person",-72.9812698364258,-30.1688804626465
"melanie-rummler","Melanie Rummler","person",-74.6675567626953,-31.0086193084717
"lela-sisauri","Lela Sisauri","person",-70.8761215209961,-32.2632064819336
"birgit-vasiliades","Birgit Vasiliades","person",-69.2144775390625,-30.6979236602783
"mascha-brammer","Mascha Brammer","person",-72.0254287719727,-31.1641159057617
"yorick-stoeve","Yorick Stöve","person",-72.2588729858398,-30.1065635681152
"peter-windsheimer","Peter Windsheimer","person",-74.0335540771484,-31.6037712097168
"veronika-graewe","Veronika Gräwe","person",-70.7743225097656,-34.2902717590332
"ertan-oeztuerk","Ertan Öztürk","person",-69.7291870117188,-36.5132369995117
"jan-louis-wiedmann","Jan-Louis Wiedmann","person",-74.1364898681641,-27.4335556030273
"marit-schatzmann","Marit Schatzmann","person",-73.9228973388672,-27.4998512268066
"yannick-lehmann","Yannick Lehmann","person",-69.4259338378906,-31.9900970458984
"meret-grabenhorst","Meret Grabenhorst","person",-74.0113906860352,-24.8535060882568
"kuebra-beydas","Kübra Beydas","person",-73.6670913696289,-26.2315616607666
"marie-lena-nelle","Marie-Lena Nelle","person",-74.488395690918,-30.3953990936279
"jenny-laube","Jenny Laube","person",-78.7148666381836,-33.5021286010742
"merieme-benali-jockers","Merieme Benali-Jockers","person",-72.1350860595703,-32.9874267578125
"daniela-ehlers","Daniela Ehlers","person",-68.9546813964844,-31.968111038208
"hila-mayfrank","Hila Mayfrank","person",-73.3983840942383,-32.2905464172363
"pablo-alfonso-johannes-klein-araya","Pablo Alfonso Johannes Klein Araya","person",-72.9442138671875,-31.0798664093018
"mohammad-samim-mohammad-akbar","Mohammad Samim Mohammad Akbar","person",-72.7165832519531,-29.1112365722656
"johannes-feldker","Johannes Feldker","person",-72.4901809692383,-32.4582366943359
"marie-nerreter","Marie Nerreter","person",-71.3742065429688,-28.7128410339355
"harald-loehlein","Harald Löhlein","person",-73.8248138427734,-31.9911289215088
"jan-moebius","Jan Möbius","person",-70.6072998046875,-32.604118347168
"ronith-schalast","Ronith Schalast","person",-71.6380004882812,-32.1971626281738
"carola-scheibe-koester","Carola Scheibe-Köster","person",-74.8815841674805,-31.961462020874
"michael-bimmler","Michael Bimmler","person",-71.1886825561523,-32.7306785583496
"monika-herrmann","Monika Herrmann","person",-73.8765869140625,-29.7654552459717
"felicitas-maltry","Felicitas Maltry","person",-74.7589797973633,-33.5126266479492
"birgit-gust","Birgit Gust","person",-73.2588958740234,-30.4575214385986
"anne-speck","Anne Speck","person",-71.6866226196289,-31.7464542388916
"teresa-kulawik","Teresa Kulawik","person",-70.7498474121094,-28.7242774963379
"aferdita-suka","Aferdita Suka","person",-74.1134262084961,-28.4290924072266
"sebastian-wormsbaecher","Sebastian Wormsbächer","person",-69.4060440063477,-36.8891983032227
"ronald-reimann","Ronald Reimann","person",-74.0416946411133,-27.9531440734863
"thore-hagemann","Thore Hagemann","person",-72.3237686157227,-30.6025867462158
"anastasia-vasiliades","Anastasia Vasiliades","person",-71.9553909301758,-33.9592208862305
"matthias-siebert","Matthias Siebert","person",-71.2839431762695,-29.5846138000488
"birger-doelling","Birger Dölling","person",-72.7501602172852,-31.2118301391602
"ute-benzerari","Ute Benzerari","person",-77.4711074829102,-30.4425258636475
"heike-ekea-gleibs","Heike Ekea Gleibs","person",-75.0541915893555,-29.382640838623
"chantal-muenster","Chantal Münster","person",-71.0654678344727,-30.5861568450928
"magdalena-michalka","Magdalena Michalka","person",-72.6954345703125,-32.0501594543457
"betuel-bayrak","Betül Bayrak","person",-71.6402969360352,-30.0382881164551
"susanne-olschewski","Susanne Olschewski","person",-71.7745513916016,-29.0915203094482
"mirjam-michel","Mirjam Michel","person",-71.0057525634766,-30.2814044952393
"tabea-schoch","Tabea Schoch","person",-73.1129531860352,-30.833475112915
"frauke-prasser","Frauke Prasser","person",-70.6350860595703,-30.4336967468262
"helen-schmidt","Helen Schmidt","person",-72.4902877807617,-29.5481719970703
"hannah-wettig","Hannah Wettig","person",-61.7903747558594,-42.2550582885742
"walter-otte","Walter Otte","person",-56.0129737854004,-46.9887046813965
"mathias-kraatz","Mathias Kraatz","person",-60.2535705566406,-41.2212409973145
"manfred-herrmann","Manfred Herrmann","person",-59.2644157409668,-42.4616203308105
"susanne-zissel","Susanne Zissel","person",-59.8573989868164,-48.5146293640137
"andré-meral","André Meral","person",-60.0288200378418,-45.0895385742188
"dietmar-huesemann-menge","Dietmar Hüsemann-Menge","person",-56.9765548706055,-42.9148254394531
"lisa-depenbrock","Lisa Depenbrock","person",-62.3041458129883,-42.1670570373535
"peter-schrage-aden","Peter Schrage-Aden","person",-70.3779754638672,-35.6697006225586
"dario-planert","Dario Planert","person",-64.5226745605469,-41.4517593383789
"christian-hawel","Christian Hawel","person",-58.5972557067871,-40.0480651855469
"david-braun","David Braun","person",-58.0226974487305,-42.7875671386719
"christopher-philipp","Christopher Philipp","person",-57.2959861755371,-44.8916702270508
"uwe-ney-rancea","Uwe Ney-Rancea","person",-60.6860046386719,-41.2023162841797
"kerstin-mueller","Kerstin Müller","person",-62.8730354309082,-42.0992279052734
"frank-schubert","Frank Schubert","person",-68.4389877319336,-37.2441062927246
"katharina-koufen","Katharina Koufen","person",-61.6383247375488,-42.574161529541
"sergey-lagodinsky","Sergey Lagodinsky","person",-59.879508972168,-37.1763877868652
"inez-mischitz","Inez Mischitz","person",-59.2414054870605,-46.1860237121582
"carola-ehrlich-cypra","Carola Ehrlich-Cypra","person",-65.5857849121094,-40.9247245788574
"katrin-schaar","Katrin Schaar","person",-58.2912712097168,-41.7020568847656
"ute-reitz","Ute Reitz","person",-63.0031585693359,-40.9596481323242
"lillemor-mallau","Lillemor Mallau","person",-64.1505661010742,-38.126293182373
"uwe-lehmann","Uwe Lehmann","person",-62.1123275756836,-43.2383728027344
"tilo-fuchs","Tilo Fuchs","person",-59.6787147521973,-45.3764495849609
"stefan-gelbhaar","Stefan Gelbhaar","person",-67.1075820922852,-36.3577117919922
"tilo-paetzolt","Tilo Pätzolt","person",-65.4399032592773,-39.2671318054199
"christa-markl-vieto-estrada","Christa Markl-Vieto Estrada","person",-62.3143005371094,-41.6314239501953
"uwe-koehne","Uwe Köhne","person",-59.4673118591309,-41.9381332397461
"leif-roman-sporleder","Leif-Roman Sporleder","person",-56.6004791259766,-42.6382026672363
"verena-sich","Verena Sich","person",-60.2460670471191,-43.5589942932129
"alexander-manolopoulos","Alexander Manolopoulos","person",-61.2667198181152,-46.1430015563965
"christof-rambke","Christof Rambke","person",-72.0826263427734,-35.803150177002
"christian-sandau","Christian Sandau","person",-58.2346076965332,-42.5504035949707
"herbert-nebel","Herbert Nebel","person",-66.3864059448242,-37.4240112304688
"dustin-eikmeier","Dustin Eikmeier","person",-69.3174667358398,-34.6803436279297
"sarah-gengnagel","Sarah Gengnagel","person",-78.3402709960938,-29.513801574707
"grit-menzzer","Grit Menzzer","person",-66.6548461914062,-34.9822387695312
"gollaleh-ahmadi","Gollaleh Ahmadi","person",-59.8563995361328,-42.5613594055176
"jonah-hacker","Jonah Hacker","person",-55.5860710144043,-47.3958168029785
"christopher-schriner","Christopher Schriner","person",-62.1912956237793,-42.4362030029297
"michael-bloecher","Michael Blöcher","person",-58.9911346435547,-44.5538215637207
"lara-liese","Lara Liese","person",-57.7151947021484,-44.0303840637207
"kevin-paczkowski","Kevin Paczkowski","person",-60.7945251464844,-48.8959121704102
"linus-siebert","Linus Siebert","person",-58.260311126709,-44.7157859802246
"arif-koray-oezbagci","Arif-Koray Özbagci","person",-62.8512001037598,-40.4209251403809
"daniel-mieves","Daniel Mieves","person",-65.8675003051758,-41.5970840454102
"elisabeth-jenschke","Elisabeth Jenschke","person",-58.1855545043945,-43.5571479797363
"susanne-sachtleber","Susanne Sachtleber","person",-64.4772872924805,-40.0766334533691
"kurt-hildebrand","Kurt Hildebrand","person",-62.2057418823242,-40.8622741699219
"yasemin-derviscemallioglu","Yasemin Derviscemallioglu","person",-58.5435523986816,-44.6267280578613
"paul-benter","Paul Benter","person",-67.2690963745117,-44.2143898010254
"maria-faerber","Maria Faerber","person",-58.1718063354492,-44.3991546630859
"tanja-prinz","Tanja Prinz","person",-60.8943290710449,-42.3885498046875
"nicolas-voelcker-ortega","Nicolas Völcker Ortega","person",-58.6327705383301,-43.5029106140137
"katja-ulbert","Katja Ulbert","person",-59.8418464660645,-43.8676872253418
"jens-peter-mueller","Jens-Peter Müller","person",-59.5103874206543,-43.0683631896973
"ole-jacobs","Ole Jacobs","person",-57.1328620910645,-44.3971214294434
"armin-afsharnejat","Armin Afsharnejat","person",-58.7743988037109,-43.9477462768555
"andrea-nakoinz","Andrea Nakoinz","person",-64.3229751586914,-37.7997627258301
"alexandra-bendzko","Alexandra Bendzko","person",-61.1683959960938,-41.4368667602539
"felix-leander-droop","Felix Leander Droop","person",-60.7728157043457,-42.8641166687012
"katharina-hild","Katharina Hild","person",-59.462646484375,-43.3824615478516
"robert-liestmann","Robert Liestmann","person",-61.1403045654297,-41.081127166748
"holger-michel","Holger Michel","person",-59.6821250915527,-41.5165252685547
"peter-schaar","Peter Schaar","person",-61.5599098205566,-41.1588973999023
"heiko-a.-manz","Heiko A. Manz","person",-67.2647476196289,-37.7627296447754
"tobias-marktscheffel","Tobias Marktscheffel","person",-59.4739570617676,-44.0884399414062
"lisa-meltendorf","Lisa Meltendorf","person",-58.3078689575195,-45.6661071777344
"manuel-honisch","Manuel Honisch","person",-73.7952575683594,-33.0304145812988
"vito-dabisch","Vito Dabisch","person",-72.7500915527344,-29.8521881103516
"meike-paula-berg","Meike Paula Berg","person",-74.0988616943359,-31.192590713501
"britta-eiben-zach","Britta Eiben-Zach","person",-66.0452728271484,-37.5818862915039
"lea-rajewski","Lea Rajewski","person",-73.9746627807617,-33.0492858886719
"jens-weinandt","Jens Weinandt","person",-74.8199691772461,-33.0805740356445
"rebekka-dreher","Rebekka Dreher","person",-69.1652679443359,-37.100830078125
"annekatrin-schimmelpfennig","Annekatrin Schimmelpfennig","person",-66.9811859130859,-36.9686698913574
"andras-franke","Andras Franke","person",-68.1827239990234,-36.4654731750488
"janine-schott","Janine Schott","person",-72.3510894775391,-32.350643157959
"sabine-ponath","Sabine Ponath","person",-62.0603523254395,-41.1596488952637
"nicolas-scharioth","Nicolas Scharioth","person",-60.2183151245117,-42.3457717895508
"kolja-voehringer","Kolja Vöhringer","person",-61.2639999389648,-41.676929473877
"lydia-krueger","Lydia Krüger","person",-70.902587890625,-30.6678256988525
"timur-ohloff","Timur Ohloff","person",-21.1184062957764,-73.1671905517578
"britta-kistenich","Britta Kistenich","person",-66.28759765625,-40.1514053344727
"silke-lambeck","Silke Lambeck","person",-65.6819534301758,-39.2054901123047
"heike-kaehler","Heike Kähler","person",-61.6759567260742,-45.9766006469727
"dara-kossok-spiess","Dara Kossok-Spieß","person",-64.7076644897461,-43.9715118408203
"sabine-hawlitzki","Sabine Hawlitzki","person",-64.5632858276367,-38.685848236084
"petra-vandrey","Petra Vandrey","person",-62.2159729003906,-42.8048896789551
"christin-chemnitz","Christin Chemnitz","person",-63.2398452758789,-38.592041015625
"doreen-frowitter","Doreen Frowitter","person",-66.2445831298828,-41.7236557006836
"lennart-sydow","Lennart Sydow","person",-58.9596710205078,-46.8721809387207
"ingeborg-hofer","Ingeborg Hofer","person",-63.0016860961914,-39.9423141479492
"tillmann-johannes-bechtold","Tillmann Johannes Bechtold","person",-59.0144577026367,-45.4901885986328
"stephan-von-dassel","Stephan von Dassel","person",-59.1932067871094,-45.8764266967773
"ansgar-roessig","Ansgar Rössig","person",-54.5072898864746,-41.7161178588867
"madlen-ehrlich","Madlen Ehrlich","person",-61.3510856628418,-41.975643157959
"nils-erik-carlhoff","Nils-Erik Carlhoff","person",-55.4149894714355,-48.9903717041016
"cornelia-poczka","Cornelia Poczka","person",-57.8187294006348,-46.1161460876465
"jelisaweta-kamm","Jelisaweta Kamm","person",-68.0580749511719,-34.0266952514648
"thomas-hess","Thomas Hess","person",-76.6305236816406,-32.2715377807617
"janna-vossnacker","Janna Voßnacker","person",-70.8122711181641,-31.3359966278076
"linda-krummenauer","Linda Krummenauer","person",-78.9147262573242,-28.5803604125977
"birgit-janecek","Birgit Janecek","person",-54.9734687805176,-43.6637115478516
"matthias-oomen","Matthias Oomen","person",-61.0128555297852,-42.1563529968262
"esther-kern","Esther Kern","person",-60.0606422424316,-41.2407646179199
"gerhard-timm","Gerhard Timm","person",-67.7583694458008,-37.0982856750488
"bernd-langhammer","Bernd Langhammer","person",-65.4918441772461,-36.4180221557617
"jan-barth","Jan Barth","person",-68.3378601074219,-34.6686210632324
"jana-gerlach","Jana Gerlach","person",-69.1155700683594,-36.9323081970215
"georg-atta-mensah","Georg Atta Mensah","person",-69.135124206543,-35.6668357849121
"jonas-prade","Jonas Prade","person",-63.7912826538086,-39.5943336486816
"christiane-heider","Christiane Heider","person",-67.238525390625,-32.0760192871094
"elke-kluender","Elke Klünder","person",-69.4558563232422,-32.6259002685547
"patrick-koenig","Patrick König","person",-67.2226333618164,-35.7255592346191
"ina-schmiedeberg","Ina Schmiedeberg","person",-69.2615585327148,-32.4580955505371
"beate-bruker","Beate Bruker","person",-73.7069396972656,-32.5432090759277
"werner-heck","Werner Heck","person",-76.281494140625,-27.5447673797607
"sven-drebes","Sven Drebes","person",-68.5693969726562,-34.0312957763672
"philipp-ahrens","Philipp Ahrens","person",-73.2633666992188,-31.7580413818359
"irmgard-spoerndle","Irmgard Spörndle","person",-73.251220703125,-31.501636505127
"ludwin-feiten","Ludwin Feiten","person",-72.1534805297852,-38.6957893371582
"juergen-dietrich","Jürgen Dietrich","person",-72.0102081298828,-28.8654327392578
"tuba-bozkurt","Tuba Bozkurt","person",-69.0274810791016,-35.3015975952148
"ario-ebrahimpour-mirzaie","Ario Ebrahimpour Mirzaie","person",-74.4993667602539,-32.8534812927246
"sina-brabetz","Sina Brabetz","person",-67.4987716674805,-36.0914649963379
"milan-weyrauch","Milan Weyrauch","person",-68.1720199584961,-37.1246376037598
"lucie-schroeder","Lucie Schröder","person",-67.0360565185547,-35.0811309814453
"jacqueline-lori-fingerle","Jacqueline Lori Fingerle","person",-65.8087768554688,-39.7629585266113
"annemarie-gorissen","Annemarie Gorißen","person",-69.123893737793,-37.4156112670898
"maja-louise-schuleit","Maja-Louise Schuleit","person",-66.5003509521484,-39.3367500305176
"cornelia-apel","Cornelia Apel","person",-68.2842483520508,-36.9736022949219
"oliver-juetting","Oliver Jütting","person",-66.0770111083984,-37.9173202514648
"tim-kurockin","Tim Kurockin","person",-63.9748611450195,-38.3992729187012
"antonia-schwarz","Antonia Schwarz","person",-67.3867034912109,-37.4352645874023
"torben-woeckner","Torben Wöckner","person",-61.8887710571289,-39.8986053466797
"guelay-sistu","Gülay Sistu","person",-71.6980514526367,-37.1693344116211
"jacob-zellmer","Jacob Zellmer","person",-70.771240234375,-31.2433090209961
"claudia-leistner","Claudia Leistner","person",-72.6842575073242,-30.0103759765625
"harald-moritz","Harald Moritz","person",-70.9551544189453,-29.7747440338135
"andrea-gerbode","Andrea Gerbode","person",-70.8027801513672,-30.4132556915283
"catherina-pieroth-manelli","Catherina Pieroth-Manelli","person",-72.5796890258789,-30.8212242126465
"julian-schwarze","Julian Schwarze","person",-72.9732513427734,-27.944803237915
"julia-maria-sonnenburg","Julia Maria Sonnenburg","person",-67.9555206298828,-34.4081153869629
"claudia-jung","Claudia Jung","person",-64.3328170776367,-37.1638412475586
"anja-blau","Anja Blau","person",-62.5702514648438,-40.862606048584
"katrin-bihari-vass","Katrin Bihari Vass","person",-67.7892761230469,-36.0651931762695
"christina-bechinie-von-lazan","Christina Bechinie von Lazan","person",-65.3404693603516,-39.6126174926758
"julia-schneider","Julia Schneider","person",-65.5164794921875,-38.5169258117676
"can-aru","Can Aru","person",-64.9757308959961,-39.2802925109863
"tilly-hensellek","Tilly Hensellek","person",-65.9666366577148,-36.9000625610352
"cordelia-koch","Cordelia Koch","person",-63.9075508117676,-40.5204048156738
"lisa-paus","Lisa Paus","person",-70.8730697631836,-31.9555149078369
"bianca-denfeld","Bianca Denfeld","person",-65.1471786499023,-37.9020805358887
"kristin-husen","Kristin Husen","person",-62.1152381896973,-36.8566436767578
"yannic-leschke","Yannic Leschke","person",-60.1560211181641,-41.4774971008301
"maj-britt-jungjohann","Maj-Britt Jungjohann","person",-64.5461654663086,-39.6620864868164
"manuela-neubert","Manuela Neubert","person",-64.6199417114258,-40.7237358093262
"andrea-baewert","Andrea Baewert","person",-67.2623519897461,-34.857349395752
"jordi-muehle","Jordi Mühle","person",-63.4218673706055,-40.9472770690918
"maren-bergschneider","Maren Bergschneider","person",-59.0589332580566,-36.0109825134277
"liliana-marie-dornheckter","Liliana Marie Dornheckter","person",-62.9920806884766,-41.111442565918
"clemens-justus-joshua-sachs","Clemens Justus Joshua Sachs","person",-65.9350738525391,-42.4986000061035
"henning-van-ackeren","Henning van Ackeren","person",-62.1301231384277,-40.5851020812988
"irmgard-franke-dressler","Irmgard Franke-Dressler","person",-63.3349075317383,-39.4006080627441
"suncica-klaas","Suncica Klaas","person",-67.2952346801758,-42.0826950073242
"christian-holtorf","Christian Holtorf","person",-70.4728240966797,-31.4103965759277
"christian-huber","Christian Huber","person",-73.8517761230469,-32.8829498291016
"michael-winkelmann","Michael Winkelmann","person",-70.5017623901367,-39.1661415100098
"lennart-rothe","Lennart Rothe","person",-74.1355819702148,-31.5165596008301
"sebastian-kurt","Sebastian Kurt","person",-73.4806137084961,-28.8276596069336
"david-przewozny","David Przewozny","person",-70.6593399047852,-30.8586616516113
"tobias-balke","Tobias Balke","person",-67.2133331298828,-32.7332992553711
"evan-vosberg","Evan Vosberg","person",-72.6432418823242,-32.1334762573242
"paul-schuster","Paul Schuster","person",-70.2748260498047,-34.268367767334
"sebastian-nisi","Sebastian Nisi","person",-71.2873077392578,-32.2592391967773
"martin-pogatzki","Martin Pogatzki","person",-70.7331771850586,-33.6731376647949
"annabelle-wolfsturm","Annabelle Wolfsturm","person",-70.2844772338867,-34.6624717712402
"annika-gerold","Annika Gerold","person",-73.4421844482422,-30.264820098877
"thomas-egenberger-ma","Thomas Egenberger MA","person",-75.3784790039062,-34.8637008666992
"sandra-polsfuhs","Sandra Polsfuhs","person",-67.567512512207,-38.0656204223633
"lisa-lotta-koehler","Lisa Lotta Köhler","person",-72.5804824829102,-33.2119522094727
"johannes-lechner","Johannes Lechner","person",-70.6580123901367,-33.0382614135742
"annkatrin-esser","Annkatrin Esser","person",-77.2491912841797,-28.5172214508057
"falco-strasser","Falco Strasser","person",-72.7653656005859,-30.6003532409668
"sophie-berndt","Sophie Berndt","person",-73.754638671875,-31.1085758209229
"thies-sorgenfrei","Thies Sorgenfrei","person",-68.8381652832031,-31.217357635498
"anna-stahl-czechowska","Anna Stahl-Czechowska","person",-75.6184387207031,-36.4720993041992
"rolf-syben","Rolf Syben","person",-64.0607757568359,-37.6925964355469
"regina-w.-câmara","Regina W. Câmara","person",-69.0020065307617,-35.226203918457
"manuel-schreibauer","Manuel Schreibauer","person",-62.8642959594727,-39.0191078186035
"anna-von-polheim","Anna von Polheim","person",-65.5828704833984,-35.7088966369629
"stefanie-lucht","Stefanie Lucht","person",-65.0449523925781,-41.5648651123047
"stephan-keichel","Stephan Keichel","person",-65.6610717773438,-44.8262405395508
"konrad-hickel","Konrad Hickel","person",-62.896297454834,-42.8667221069336
"andreas-benens","Andreas Benens","person",-64.7097930908203,-40.4808044433594
"andreas-edel","Andreas Edel","person",-63.3163719177246,-39.5607070922852
"brigitte-kallmann","Brigitte Kallmann","person",-72.5099868774414,-26.2550888061523
"simona-bianco","Simona Bianco","person",-69.4285278320312,-34.1919288635254
"andreas-rietz","Andreas Rietz","person",-70.317985534668,-33.3786430358887
"elina-schumacher","Elina Schumacher","person",-73.9247817993164,-28.7233600616455
"neele-sofie-kuhn","Neele-Sofie Kuhn","person",-70.0531845092773,-29.2207336425781
"leonardo-igracki","Leonardo Igracki","person",-70.4547958374023,-28.3676605224609
"philipp-schuetz","Philipp Schütz","person",-70.0151977539062,-31.3250312805176
"laura-paulke","Laura Paulke","person",-69.3567276000977,-27.3576354980469
"samantha-fischer","Samantha Fischer","person",-70.2917633056641,-31.2835235595703
"gaya-palmér","Gaya Palmér","person",-72.7071304321289,-27.3493041992188
"friedel-buehler","Friedel Bühler","person",-69.5917510986328,-28.0717945098877
"guenes-juelide-keskin","Günes Jülide Keskin","person",-70.0159301757812,-27.7697772979736
"leander-wendt","Leander Wendt","person",-69.80029296875,-30.7507648468018
"niclas-christ","Niclas Christ","person",-73.8689270019531,-31.563304901123
"sebastian-frevel","Sebastian Frevel","person",-59.4684753417969,-40.1633720397949
"simon-richter","Simon Richter","person",-58.3354949951172,-40.3202362060547
"reemt-heuke","Reemt Heuke","person",-58.539421081543,-39.5329093933105
"till-koetter","Till Kötter","person",-51.7432327270508,-45.8702659606934
"luisa-stimpel","Luisa Stimpel","person",-73.6888732910156,-28.873514175415
"christoph-lorenz","Christoph Lorenz","person",-72.1933517456055,-30.3199481964111
"pascal-striebel","Pascal Striebel","person",-76.7775955200195,-28.7376823425293
"bodo-tasche","Bodo Tasche","person",-78.2846832275391,-32.9966011047363
"martin-ruemelin","Martin Rümelin","person",-70.2287902832031,-37.4678230285645
"peter-michael-rulff","Peter Michael Rulff","person",-64.7610473632812,-40.1858444213867
"janne-schoenerstedt","Janne Schönerstedt","person",-64.5761489868164,-41.6699562072754
"annalena-pott","Annalena Pott","person",-60.9555816650391,-41.6508255004883
"anna-melnik","Anna Melnik","person",-63.4879722595215,-41.9307556152344
"katrin-volkmann","Katrin Volkmann","person",-69.7682952880859,-35.6309585571289
"marie-charlotte-bierganz","Marie Charlotte Bierganz","person",-61.4340438842773,-42.2364845275879
"joerg-staudemeyer","Jörg Staudemeyer","person",-63.7210731506348,-41.8826293945312
"leander-hirschsteiner","Leander Hirschsteiner","person",-58.5735664367676,-42.5189437866211
"alexander-kaas-elias","Alexander Kaas Elias","person",-63.5657730102539,-41.2036170959473
"lisa-wolfram","Lisa Wolfram","person",-62.9332122802734,-37.8110466003418
"thomas-hartmann","Thomas Hartmann","person",-59.9752655029297,-39.4653930664062
"jana-braun","Jana Braun","person",-61.2142944335938,-40.7676582336426
"thorsten-freers","Thorsten Freers","person",-59.4822463989258,-38.5310821533203
"andreas-otto","Andreas Otto","person",-59.2264518737793,-37.2815971374512
"marianne-wulff","Marianne Wulff","person",-63.8128929138184,-41.0624694824219
"jenny-lenz","Jenny Lenz","person",-65.2063369750977,-38.9806594848633
"sybille-volkholz","Sybille Volkholz","person",-58.9678726196289,-42.2044486999512
"philipp-freisleben","Philipp Freisleben","person",-56.8390235900879,-44.1145362854004
"svenja-borgschulte","Svenja Borgschulte","person",-77.4399948120117,-28.0554161071777
"nicol-schmidt","Nicol Schmidt","person",-75.3951644897461,-27.9961357116699
"brigitte-schulte","Brigitte Schulte","person",-62.8678550720215,-30.7417030334473
"meike-von-appen","Meike von Appen","person",-73.6706771850586,-30.5459632873535
"wilfried-stotzka","Wilfried Stotzka","person",-65.5188598632812,-34.3058471679688
"lea-rajewski-lehmann","Lea Rajewski-Lehmann","person",-68.9406661987305,-33.6814002990723
"teresa-reichelt","Teresa Reichelt","person",-73.5372314453125,-28.0693988800049
"kristin-kosche","Kristin Kosche","person",-73.8394165039062,-32.3190116882324
"jutta-schmidt-stanojevic","Jutta Schmidt-Stanojevic","person",-73.1109848022461,-31.4857711791992
"jan-stiermann","Jan Stiermann","person",-72.5198211669922,-33.0888366699219
"monika-aurich","Monika Aurich","person",-67.0379867553711,-40.6276397705078
"paul-meyer-dunker","Paul Meyer-Dunker","person",-71.4805526733398,-31.3401832580566
"rhea-niggemann","Rhea Niggemann","person",-74.7433166503906,-30.7122554779053
"robin-voelker","Robin Völker","person",-74.0165634155273,-29.6682682037354
"klara-ruhl","Klara Ruhl","person",-71.7162017822266,-30.7295036315918
"olga-koterewa","Olga Koterewa","person",-74.2814407348633,-29.3252372741699
"stefan-ziller","Stefan Ziller","person",-75.3409042358398,-29.253870010376
"corinna-balkow","Corinna Balkow","person",-70.20166015625,-27.9703903198242
"linda-guzzetti","Linda Guzzetti","person",-71.6331176757812,-31.9395351409912
"charlotte-steinmetz","Charlotte Steinmetz","person",-73.0328979492188,-31.7102890014648
"sandra-lehmann","Sandra Lehmann","person",-75.4314270019531,-30.1840591430664
"anne-albers","Anne Albers","person",-75.6466445922852,-30.4104385375977
"christian-roux","Christian Roux","person",-71.2693176269531,-34.5173988342285
"hans-christian-hoepcke","Hans-Christian Höpcke","person",-71.6565780639648,-32.4102592468262
"almut-neumann","Almut Neumann","person",-78.189811706543,-35.9317207336426
"christina-markfort","Christina Markfort","person",-72.8615112304688,-30.0024490356445
"christian-tewes","Christian Tewes","person",-69.4067230224609,-38.2900047302246
"joachim-schmitt","Joachim Schmitt","person",-74.2415618896484,-29.7662944793701
"jaron-schulz","Jaron Schulz","person",-74.6837768554688,-29.2903919219971
"tilmann-kern","Tilmann Kern","person",-70.8818283081055,-32.4178085327148
"petronela-bordeianu","Petronela Bordeianu","person",-75.5166473388672,-33.7420387268066
"antje-kapek","Antje Kapek","person",-73.8049392700195,-29.4411373138428
"nele-diekmann","Nele Diekmann","person",-68.4912414550781,-35.5996208190918
"kathleen-rabe","Kathleen Rabe","person",-64.6162109375,-35.2967376708984
"christopher-linder","Christopher Linder","person",-70.8626327514648,-31.5887184143066
"thomas-thiel","Thomas Thiel","person",-73.9605712890625,-32.4863166809082
"justus-caspers","Justus Caspers","person",-71.8535766601562,-27.9253425598145
"wolfgang-schanderl","Wolfgang Schanderl","person",-72.4195251464844,-31.3069744110107
"juana-remus","Juana Remus","person",-76.4706878662109,-28.2263355255127
"tom-de-laar","Tom de Laar","person",-71.9415130615234,-27.2272243499756
"hartwig-berger","Hartwig Berger","person",-72.5902404785156,-26.9233856201172
"julia-scharf","Julia Scharf","person",-72.5627288818359,-29.4291305541992
"timur-ksianzou","Timur Ksianzou","person",-69.706413269043,-32.4459800720215
"thomas-rost","Thomas Rost","person",-63.7895622253418,-36.2502136230469
"jan-dangendorf","Jan Dangendorf","person",-75.7177963256836,-29.6108474731445
"swantje-may","Swantje May","person",-74.6471633911133,-33.5547904968262
"tobias-jahn","Tobias Jahn","person",-71.7021179199219,-32.9064025878906
"andré-stephan","André Stephan","person",-65.2435607910156,-41.2160377502441
"kim-kohlmeyer","Kim Kohlmeyer","person",-63.7548332214355,-44.1559410095215
"thaddaeus-jehle","Thaddäus Jehle","person",-63.6099700927734,-42.5379905700684
"emilia-engels","Emilia Engels","person",-75.0259704589844,-29.1191005706787
"dirk-jordan","Dirk Jordan","person",-63.2429733276367,-39.2217559814453
"hans-peter-klose","Hans-Peter Klose","person",-68.686393737793,-41.9816703796387
"tim-heim","Tim Heim","person",-64.815559387207,-41.2213935852051
"jasper-hahn","Jasper Hahn","person",-69.3246536254883,-30.9865608215332
"nico-wanke","Nico Wanke","person",-70.5004806518555,-33.8981895446777
"barbara-boeck-viebig","Barbara Boeck-Viebig","person",-69.7578353881836,-31.8069667816162
"muhammed-mansur-dogan","Muhammed Mansur Dogan","person",-69.6629867553711,-31.9259948730469
"maria-meier","Maria Meier","person",-67.0848922729492,-31.0974140167236
"elizaveta-kapinos","Elizaveta Kapinos","person",-76.6039505004883,-27.8845481872559
"tobias-philipp","Tobias Philipp","person",-72.5729446411133,-31.1596298217773
"bea-streicher","Bea Streicher","person",-73.7325210571289,-32.6954040527344
"thomas-wiskirchen","Thomas Wiskirchen","person",-74.8790435791016,-26.9896774291992
"lilly-aepfelbach","Lilly Aepfelbach","person",-70.2123489379883,-32.0130958557129
"kathleen-wabrowetz","Kathleen Wabrowetz","person",-73.3065795898438,-30.5114917755127
"jernej-biščak","Jernej Biščak","person",-71.8478698730469,-35.250675201416
"friedrich-adrian","Friedrich Adrian","person",-76.0685882568359,-31.2833995819092
"stephanie-frost","Stephanie Frost","person",-74.2148056030273,-35.7224464416504
"tim-junge","Tim Junge","person",-70.0971603393555,-34.7939300537109
"karin-schaedler","Karin Schädler","person",-67.5786285400391,-37.260383605957
"ulrich-meuel","Ulrich Meuel","person",-64.7960968017578,-39.3918495178223
"nicolas-bock","Nicolas Bock","person",-67.8825149536133,-32.6703453063965
"hans-juergen-kuhn","Hans-Jürgen Kuhn","person",-57.7902374267578,-47.8950119018555
"maimouna-ouattara","Maimouna Ouattara","person",-75.5351486206055,-33.2422904968262
"konstantinos-kosmas","Konstantinos Kosmas","person",-67.9596939086914,-36.1510772705078
"daniel-wessling","Daniel Weßling","person",-59.7790184020996,-39.9786567687988
"cedrik-schamberger","Cedrik Schamberger","person",-64.9438018798828,-39.7639312744141
"florian-maximilian-hahn","Florian Maximilian Hahn","person",-61.8821792602539,-41.684326171875
"emil-pauls","Emil Pauls","person",-57.4129676818848,-44.6931457519531
"stephan-clemens","Stephan Clemens","person",-60.442497253418,-41.5959434509277
"yvonne-steinert","Yvonne Steinert","person",-57.0366401672363,-45.523494720459
"elias-enderlein","Elias Enderlein","person",-58.8764686584473,-43.5196113586426
"marcel-rohrlack","Marcel Rohrlack","person",-58.5162239074707,-44.4621925354004
"marianne-burkert-eulitz","Marianne Burkert-Eulitz","person",-74.3955078125,-28.9089374542236
"tilmann-schade","Tilmann Schade","person",-71.959342956543,-30.7242050170898
"lennart-gehrenkemper","Lennart Gehrenkemper","person",-73.4886016845703,-29.5204296112061
"annette-klemm","Annette Klemm","person",-73.8574447631836,-32.2872543334961
"ian-harknett","Ian Harknett","person",-70.2866897583008,-28.2008457183838
"saskia-hahn","Saskia Hahn","person",-74.2939300537109,-32.0226211547852
"kristin-otto","Kristin Otto","person",-72.0769882202148,-33.5432167053223
"maren-tepper","Maren Tepper","person",-71.5860137939453,-35.3779602050781
"janine-andrae","Janine Andrä","person",-71.2753982543945,-34.8911209106445
"karin-kayser","Karin Kayser","person",-72.7659301757812,-31.7762889862061
"carsten-gloeckner","Carsten Glöckner","person",-72.4151611328125,-35.3104553222656
"paul-schlueter","Paul Schlüter","person",-71.4811325073242,-41.4106864929199
"oda-hassepass","Oda Hassepaß","person",-72.9404678344727,-31.4952869415283
"sebastian-prassek","Sebastian Prassek","person",-68.343391418457,-30.9053688049316
"dániel-fehér","Dániel Fehér","person",-73.6094284057617,-30.975643157959
"paul-schamuhn","Paul Schamuhn","person",-71.3479690551758,-31.5452899932861
"christoph-frost","Christoph Frost","person",-73.0606231689453,-34.4185028076172
"simon-muschick","Simon Muschick","person",-60.9721946716309,-39.6955032348633
"ann-kathrin-reichardt","Ann-Kathrin Reichardt","person",-69.7324142456055,-29.7756271362305
"falk-laemmermann","Falk Lämmermann","person",-72.5493927001953,-32.2390899658203
"thomas-dikant","Thomas Dikant","person",-71.7067260742188,-30.8801174163818
"jan-klaus-oczenasek","Jan-Klaus Oczenasek","person",-69.6400756835938,-35.6394882202148
"maria-kottrup","Maria Kottrup","person",-66.9764251708984,-28.7118911743164
"santiago-rodriguez-salgado","Santiago Rodriguez Salgado","person",-70.4267654418945,-31.6254844665527
"lev-gordon","Lev Gordon","person",-71.7822189331055,-34.2062873840332
"jan-gerrit-keil","Jan-Gerrit Keil","person",-65.4602355957031,-40.4420890808105
"melanie-kramer","Melanie Kramer","person",-72.9103393554688,-32.1958885192871
"obinna-van-capelleveen","Obinna van Capelleveen","person",-69.1849975585938,-31.0456695556641
"ulrike-schenka-van-capelleveen","Ulrike Schenka-van Capelleveen","person",-73.1338958740234,-33.9790382385254
"dominik-weis","Dominik Weis","person",-72.4312515258789,-25.6417770385742
"jana-schallau","Jana Schallau","person",-76.6159057617188,-32.8981323242188
"roman-guski","Roman Guski","person",-69.9604873657227,-32.5606002807617
"martin-lang","Martin Lang","person",-69.6202774047852,-38.6184463500977
"jalal-mohamed-amin","Jalal Mohamed Amin","person",-75.6581268310547,-27.381031036377
"paul-predatsch","Paul Predatsch","person",-72.5793380737305,-30.0074996948242
"sabine-roeber","Sabine Röber","person",-73.6204528808594,-35.0634841918945
"nino-sabanovic","Nino Sabanovic","person",-56.5749549865723,-45.8310546875
"sascha-taschenberger","Sascha Taschenberger","person",-72.3146591186523,-28.9120998382568
"ellis-vorbeck","Ellis Vorbeck","person",-70.2200622558594,-26.9049320220947
"christoph-husemann","Christoph Husemann","person",-75.7228775024414,-29.863805770874
"valentin-muenscher","Valentin Münscher","person",-74.9532623291016,-32.4193000793457
"renate-exner","Renate Exner","person",-71.2613372802734,-27.9303722381592
"andreas-audretsch","Andreas Audretsch","person",-76.9451141357422,-32.6060447692871
"jian-omar","Jian Omar","person",-73.8109664916992,-27.2701110839844
"lukas-harkotte","Lukas Harkotte","person",-102.117477416992,31.5457458496094
"anton-waechter","Anton Wächter","person",-106.802848815918,30.3092041015625
"sarah-wuchner","Sarah Wuchner","person",-101.99333190918,34.6364288330078
"friederike-freund","Friederike Freund","person",-103.94913482666,33.1386528015137
"charlotte-kreft","Charlotte Kreft","person",-96.9002151489258,10.4403629302979
"andré-schulze","André Schulze","person",-74.2024765014648,-30.1164932250977
"vasili-franco","Vasili Franco","person",-72.8131561279297,-31.9142150878906
"karl-froehlich","Karl Fröhlich","person",-71.060791015625,-33.1727409362793
"teresa-krause","Teresa Krause","person",-73.0943145751953,-29.4952487945557
"eva-meibeck-angelov","Eva Meibeck-Angelov","person",-73.4792938232422,-33.7704238891602
"marie-theres-knaepper","Marie-Theres Knäpper","person",-75.335807800293,-32.0346374511719
"stefanie-klank-podlich","Stefanie Klank-Podlich","person",-74.2538986206055,-32.1666297912598
"ina-ravens","Ina Ravens","person",-75.6554336547852,-29.1856899261475
"sebastian-walter","Sebastian Walter","person",-73.4858169555664,-30.2760829925537
"filipe-fuerstenhoefer-de-figueiredo-e-silva","Filipe Fürstenhöfer de Figueiredo e Silva","person",-58.589729309082,-22.3311443328857
"elias-kreutz","Elias Kreutz","person",-73.7741546630859,-28.6453418731689
"stefan-taschner","Stefan Taschner","person",-74.5622634887695,-29.7616024017334
"barbara-wuensche","Barbara Wünsche","person",-73.1219940185547,-28.6625003814697
"sandra-giglmaier","Sandra Giglmaier","person",-77.9783096313477,-29.0861835479736
"tonka-wojahn","Tonka Wojahn","person",-67.614616394043,-37.449951171875
"hartmut-hannemann","Hartmut Hannemann","person",-72.6569213867188,-30.6543960571289
"hanno-kress","Hanno Kress","person",-68.5194091796875,-34.6410865783691
"anne-krueger","Anne Krüger","person",-72.7242431640625,-29.741512298584
"dorothee-richter","Dorothee Richter","person",-58.0014839172363,-42.3116073608398
"christian-burtchen","Christian Burtchen","person",-64.7759704589844,-33.8282814025879
"notker-schweikhardt","Notker Schweikhardt","person",-59.6461906433105,-39.0720367431641
"stefan-nowack","Stefan Nowack","person",-67.7891159057617,-28.1251239776611
"carsten-rossenhoevel","Carsten Rossenhövel","person",-61.4427642822266,-41.723819732666
"konstantin-ditschuneit","Konstantin Ditschuneit","person",-64.8789138793945,-38.5763130187988
"stephan-roch","Stephan Roch","person",-71.1902084350586,-31.1479072570801
"eric-heymann","Eric Heymann","person",-62.6662750244141,-35.7221260070801
"alberto-gobbi","Alberto Gobbi","person",-65.0116500854492,-35.2396354675293
"patric-rademacher","Patric Rademacher","person",-65.8602752685547,-40.8782272338867
"max-braun","Max Braun","person",-68.1005859375,-37.7846527099609
"rebecca-moebius","Rebecca Möbius","person",-66.6920928955078,-38.1205711364746
"bernd-frieboese","Bernd Frieboese","person",-64.5570983886719,-36.3908996582031
"adrijana-jonjic","Adrijana Jonjic","person",-65.2616806030273,-36.3887825012207
"werner-behrendt","Werner Behrendt","person",-61.1609153747559,-37.4157295227051
"arturo-buchholz-berger","Arturo Buchholz-Berger","person",-61.5355491638184,-40.741943359375
"friedrich-ehrhardt","Friedrich Ehrhardt","person",-63.2736396789551,-43.1409606933594
"susanne-von-below","Susanne von Below","person",-68.3436050415039,-42.9714546203613
"martina-zander-rade","Martina Zander-Rade","person",-64.1082458496094,-36.7328109741211
"cihan-mutlu","Cihan Mutlu","person",-60.4880104064941,-39.5093955993652
"oeztuerk-kiran","Öztürk Kiran","person",-68.0550537109375,-34.6266288757324
"karl-heinz-hage","Karl-Heinz Hage","person",-63.1031036376953,-39.2569999694824
"kathleen-kuppe","Kathleen Kuppe","person",-71.8064804077148,-34.5417098999023
"andreas-martin-selignow","Andreas-Martin Selignow","person",-70.1052322387695,-35.89892578125
"jonathan-ziehr","Jonathan Ziehr","person",-75.306282043457,-32.8085403442383
"matthias-loebsack","Matthias Löbsack","person",-78.5387268066406,-27.8537425994873
"jan-katins","Jan Katins","person",-70.3360595703125,-31.7459602355957
"joscha-pocha","Joscha Pocha","person",-13.0789356231689,-79.8279495239258
"veronika-kneissl","Veronika Kneissl","person",-25.1744613647461,-68.9607467651367
"maximilian-buch","Maximilian Buch","person",-10.5613956451416,-81.3567962646484
"holger-lange-stede","Holger Lange-Stede","person",-14.1015501022339,-79.5744552612305
"christine-hassemer","Christine Hassemer","person",-12.1783075332642,-83.4653549194336
"adrian-bothe","Adrian Bothe","person",-66.5925827026367,-39.2122230529785
"mascha-poehls","Mascha Pöhls","person",-70.92822265625,-40.6103477478027
"barbara-grutzig","Barbara Grutzig","person",-66.877815246582,-39.2428016662598
"antje-loeffelholz","Antje Löffelholz","person",-76.608528137207,-26.7520580291748
"juergen-wolf","Jürgen Wolf","person",-76.4705429077148,-25.8405685424805
"alexander-klose","Alexander Klose","person",-69.8099517822266,-41.350757598877
"diana-de-almeida","Diana de Almeida","person",-66.1249389648438,-37.0339660644531
"marion-bruesse","Marion Brüsse","person",-69.8438034057617,-33.0172233581543
"herrad-baurmann","Herrad Baurmann","person",-66.7321319580078,-33.9176025390625
"daniel-roevekamp","Daniel Rövekamp","person",-64.443717956543,-35.7123260498047
"renate-kuenast","Renate Künast","person",-65.7819442749023,-37.3203010559082
"stefan-simon","Stefan Simon","person",-65.2880477905273,-40.5896911621094
"thomas-goetz","Thomas Götz","person",-61.7617530822754,-39.4960250854492
"philipp-heintze","Philipp Heintze","person",-63.396068572998,-37.5444107055664
"rainer-rossi","Rainer Rossi","person",-64.1158981323242,-41.730827331543
"carolin-moser","Carolin Moser","person",-75.2499694824219,-28.452392578125
"alena-dietl","Alena Dietl","person",-76.2940368652344,-27.0550804138184
"alida-nezamzadeh-kermani","Alida Nezamzadeh Kermani","person",-67.2143783569336,-33.8658180236816
"christoph-wapler","Christoph Wapler","person",-76.6236724853516,-33.8266220092773
"anna-butenschoen","Anna Butenschön","person",-66.622200012207,-36.1533164978027
"oliver-schrage","Oliver Schrage","person",-75.4102630615234,-29.7651863098145
"kuebra-beydaş","Kübra Beydaş","person",-78.070182800293,-27.6905403137207
"sam-hofmann","Sam Hofmann","person",-65.0608444213867,-43.1063194274902
"ulrich-oberdieck","Ulrich Oberdieck","person",-60.0249099731445,-40.8731346130371
"lara-gromm","Lara Gromm","person",-62.7823066711426,-43.7276573181152
"heinz-jirout","Heinz Jirout","person",-56.7242012023926,-42.2832336425781
"renate-giese","Renate Giese","person",-56.4493522644043,-43.7671165466309
"ulrike-gardeler","Ulrike Gardeler","person",-54.4448699951172,-41.4995803833008
"nikolaus-huss","Nikolaus Huss","person",-55.8817367553711,-42.8046493530273
"lea-aigner","Lea Aigner","person",-72.903694152832,-35.718204498291
"pascal-grothe","Pascal Grothe","person",-77.0449829101562,-29.7128067016602
"silke-gaenger","Silke Gänger","person",-60.6431694030762,-41.7669792175293
"jost-sarwoko","Jost Sarwoko","person",-59.0780830383301,-43.6949653625488
"josefine-koenig","Josefine König","person",-70.2402572631836,-33.7607269287109
"christoph-mayer","Christoph Mayer","person",-71.8468704223633,-35.5583992004395
"felix-hoffmann","Felix Hoffmann","person",-70.2906875610352,-34.9661674499512
"carl-witthauer","Carl Witthauer","person",-64.0571670532227,-39.5379409790039
"tobias-kraudzun","Tobias Kraudzun","person",-75.5635375976562,-34.6352043151855
"astrid-bialluch-liu","Astrid Bialluch-Liu","person",-77.1939239501953,-35.1775054931641
"felix-schachenmayr","Felix Schachenmayr","person",-74.876106262207,-27.6986045837402
"lena-renner","Lena Renner","person",-77.4159088134766,-26.178108215332
"tariq-kandil","Tariq Kandil","person",-73.7886962890625,-25.4791717529297
"sebastian-kitzig","Sebastian Kitzig","person",-76.1969909667969,-30.5216293334961
"silke-palm","Silke Palm","person",-70.0474472045898,-32.9832000732422
"sabine-weyland","Sabine Weyland","person",-77.7930145263672,-29.555814743042
"klaudia-noerenberg","Klaudia Noerenberg","person",-76.0599365234375,-28.1668491363525
"josefine-haase","Josefine Haase","person",-73.6969451904297,-27.0795764923096
"janine-raethke","Janine Räthke","person",-74.3192138671875,-27.8065662384033
"franziska-lorenz","Franziska Lorenz","person",-76.7455444335938,-27.8328552246094
"barbara-simmler","Barbara Simmler","person",-75.5795669555664,-27.8744583129883
"anja-blaku","Anja Blaku","person",-82.6413192749023,-32.0953941345215
"filiz-kekuellueoglu","Filiz Keküllüoglu","person",-71.9008255004883,-31.5019512176514
"thorsten-eberding","Thorsten Eberding","person",-71.0385513305664,-33.0691680908203
"dennis-franz","Dennis Franz","person",-72.317741394043,-28.6253986358643
"erik-becker","Erik Becker","person",-71.0542449951172,-31.4809265136719
"elke-schaefer","Elke Schäfer","person",-72.9473876953125,-32.2645950317383
"mandy-riemer","Mandy Riemer","person",-73.5942230224609,-29.9329814910889
"karin-hausmann-kasper","Karin Hausmann-Kasper","person",-71.9014205932617,-31.2283763885498
"katrin-schmidberger","Katrin Schmidberger","person",-75.3874588012695,-28.5346813201904
"bennet-noah-dyllong","Bennet Noah Dyllong","person",-74.9528198242188,-26.5686473846436
"heike-leichsenring","Heike Leichsenring","person",-75.1405639648438,-31.5543270111084
"michael-knoll","Michael Knoll","person",-65.6332321166992,-40.9008636474609
"joshua-allen","Joshua Allen","person",-64.6001205444336,-36.1524505615234
"tim-scherer","Tim Scherer","person",-67.9007110595703,-40.5855178833008
"gernot-lobenberg","Gernot Lobenberg","person",-61.4168128967285,-43.2145462036133
"caroline-falk","Caroline Falk","person",-68.3477249145508,-35.3241271972656
"tobias-jung","Tobias Jung","person",-66.3813095092773,-39.4741363525391
"tobias-oertel","Tobias Oertel","person",-62.4931678771973,-43.7823905944824
"claudio-struck","Claudio Struck","person",-67.5254821777344,-39.6168594360352
"dante-esteban-davis","Dante Esteban Davis","person",-74.0423202514648,-32.1511993408203
"maren-knabe-schultze","Maren Knabe-Schultze","person",-72.9669952392578,-30.4071197509766
"alexandra-heimerl","Alexandra Heimerl","person",-63.0265274047852,-39.5743293762207
"anna-tabea-bock","Anna-Tabea Bock","person",-73.8167724609375,-31.1704483032227
"timo-niedermeyer","Timo Niedermeyer","person",-68.0792388916016,-39.6208229064941
"mirjam-niedermeyer","Mirjam Niedermeyer","person",-65.6940536499023,-43.1721038818359
"constanze-bickelmann","Constanze Bickelmann","person",-68.0827255249023,-35.6834678649902
"carlos-guemueşboğa","Carlos Gümüşboğa","person",-65.264404296875,-39.9939842224121
"hannah-delius","Hannah Delius","person",-68.2422485351562,-40.2297477722168
"till-marvin-micke","Till Marvin Micke","person",-68.2261810302734,-23.6449165344238
"stefanie-aehnelt","Stefanie Aehnelt","person",-72.5836334228516,-30.3691291809082
"norbert-gorissen","Norbert Gorißen","person",-68.5376892089844,-36.0186576843262
"lutz-weischer","Lutz Weischer","person",-67.6683120727539,-34.8411560058594
"lars-andersen","Lars Andersen","person",-67.1603927612305,-37.25146484375
"alois-vedder","Alois Vedder","person",-67.4914627075195,-30.8160800933838
"miriam-ott","Miriam Ott","person",-69.4650497436523,-33.5482482910156
"monika-hopstock","Monika Hopstock","person",-69.2756958007812,-29.6531867980957
"marion-eschler","Marion Eschler","person",-66.4517440795898,-35.3412742614746
"astrid-harnisch","Astrid Harnisch","person",-70.3712539672852,-36.6441688537598
"claudia-loeber","Claudia Löber","person",-74.7501983642578,-34.4180946350098
"nujan-omar","Nujan Omar","person",-79.0754623413086,-29.032543182373
"david-tischer","David Tischer","person",-58.1654510498047,-45.1659049987793
"laura-neugebauer","Laura Neugebauer","person",-71.546272277832,-36.9289932250977
"deniz-yildirim-caliman","Deniz Yildirim-Caliman","person",-69.9490432739258,-29.5142726898193
"kadir-sahin","Kadir Sahin","person",-68.0303649902344,-33.5194129943848
"urban-aykal","Urban Aykal","person",-66.2813415527344,-33.6993751525879
"markus-humpert","Markus Humpert","person",-63.6259956359863,-36.5451583862305
"fadime-topac","Fadime Topac","person",-67.612174987793,-32.6706047058105
"jan-michael-ihl","Jan Michael Ihl","person",-66.9292984008789,-32.6053771972656
"adalet-firat","Adalet Firat","person",-65.9662170410156,-29.4841175079346
"daniela-wannemacher","Daniela Wannemacher","person",-66.70556640625,-31.1828155517578
"joachim-syska","Joachim Syska","person",-57.6412582397461,-44.584285736084
"sven-dohnalek","Sven Dohnalek","person",-79.7877807617188,-34.6819953918457
"paula-stark","Paula Stark","person",-80.665153503418,-35.4511489868164
"torsten-kirschke","Torsten Kirschke","person",-80.7329177856445,-27.7378559112549
"lucas-gerrits","Lucas Gerrits","person",-58.7437133789062,-44.3258476257324
"martin-beck","Martin Beck","person",-58.2036170959473,-46.5255165100098
"julius-upmeier-zu-belzen","Julius Upmeier zu Belzen","person",-57.3394508361816,-45.0058937072754
"tatjana-von-muenchhausen","Tatjana von Münchhausen","person",-56.7892723083496,-44.6773414611816
"florian-maass","Florian Maaß","person",-56.3756217956543,-44.6967086791992
"roman-léandre-schmidt","Roman Léandre Schmidt","person",-58.5749588012695,-47.4909782409668
"silke-leupold","Silke Leupold","person",-74.7370452880859,-28.1754894256592
"peter-haack","Peter Haack","person",-73.2023773193359,-26.2023792266846
"jochen-bohne","Jochen Bohne","person",-45.2027893066406,-7.70514917373657
"miriam-zeller","Miriam Zeller","person",-43.6436080932617,-11.9288415908813
"mania-lohrengel","Mania Lohrengel","person",-44.1161117553711,-6.67617082595825
"christian-bohne","Christian Bohne","person",-45.7980766296387,-12.0892972946167
"leonie-von-arnim","Leonie von Arnim","person",-44.1879005432129,-14.8552017211914
"martina-franzen","Martina Franzen","person",-46.2935791015625,-11.3082323074341
"nina-otto","Nina Otto","person",-43.6676406860352,-10.1959228515625
"alma-kittler","Alma Kittler","person",-47.5600357055664,-10.0808382034302
"lucas-hoewner","Lucas Höwner","person",-67.845573425293,-35.0791702270508
"vincent-scheller-hein","Vincent Scheller-Hein","person",-63.4881896972656,-39.7029304504395
"henrik-rubner","Henrik Rubner","person",-64.9594421386719,-40.0881462097168
"nina-freund","Nina Freund","person",-63.1103363037109,-36.412914276123
"gerhard-roland","Gerhard Roland","person",-66.2822494506836,-33.9912528991699
"roland-bertelmann","Roland Bertelmann","person",-70.5215225219727,-35.1268692016602
"anna-sturm","Anna Sturm","person",-69.5503387451172,-34.7397270202637
"felix-francke","Felix Francke","person",-66.0354385375977,-34.4332466125488
"jules-weigel","Jules Weigel","person",-75.9702301025391,-40.190803527832
"angela-korte","Angela Korte","person",-76.8122253417969,-35.2537117004395
"henrike-junge","Henrike Junge","person",-72.6757965087891,-38.4530487060547
"wolfgang-schmidt","Wolfgang Schmidt","person",-63.6241798400879,-37.6228408813477
"tjado-stemmermann","Tjado Stemmermann","person",-73.0760803222656,-28.1266059875488
"maria-haberer","Maria Haberer","person",-75.615364074707,-28.7805023193359
"sebastian-brux","Sebastian Brux","person",-65.8102722167969,-34.6044960021973
"malin-marie-muser","Malin Marie Muser","person",-68.5016784667969,-32.8751983642578
"max-stier","Max Stier","person",-71.4600143432617,-37.6284294128418
"rita-fakunmoju","Rita Fakunmoju","person",-74.9908828735352,-25.0062808990479
"katja-syndikus","Katja Syndikus","person",-75.2309646606445,-26.6063766479492
"jochen-juergensen","Jochen Jürgensen","person",-71.651123046875,-27.0921325683594
"christopher-peter","Christopher Peter","person",-71.8728485107422,-31.8386726379395
"atahan-demirel","Atahan Demirel","person",-76.3708190917969,-26.3376502990723
"sascha-krieger","Sascha Krieger","person",-74.996467590332,-31.564905166626
"henriette-spiering","Henriette Spiering","person",-71.9799499511719,-29.6743335723877
"daniela-wolter","Daniela Wolter","person",-57.1272048950195,-43.5254974365234
"markus-karner","Markus Karner","person",-72.2890014648438,-31.628698348999
"susanne-litzel","Susanne Litzel","person",-68.9445571899414,-34.5629959106445
"wolfgang-ewert","Wolfgang Ewert","person",-66.0222244262695,-32.9911804199219
"nina-locher","Nina Locher","person",-70.445671081543,-22.6155204772949
"martin-weiland","Martin Weiland","person",-73.4020614624023,-37.139274597168
"anne-koenig","Anne König","person",-62.4913635253906,-40.7259407043457
"karsten-petzold","Karsten Petzold","person",-54.7672729492188,-48.6366539001465
"milan-bachmann","Milan Bachmann","person",-77.3887023925781,-29.2409229278564
"morris-reinmueller","Morris Reinmüller","person",-56.3087539672852,-45.3128356933594
"johannes-verch","Johannes Verch","person",-73.2514953613281,-29.1850433349609
"erika-romberg","Erika Romberg","person",-68.922119140625,-29.8220043182373
"karsten-lindloff","Karsten Lindloff","person",-77.8668060302734,-24.8330039978027
"sabine-rumiz-luehrs","Sabine Rumiz-Lührs","person",-61.2432289123535,-47.257999420166
"jasper-stahl","Jasper Stahl","person",-66.834831237793,-38.9671974182129
"jonas-kriegs","Jonas Kriegs","person",-65.485221862793,-38.0181198120117
"anne-christin-beutel","Anne-Christin Beutel","person",-76.3250045776367,-30.9643001556396
"heiko-glawe","Heiko Glawe","person",-75.8324508666992,-28.2063827514648
"mario-konstantin-pless","Mario-Konstantin Pless","person",-77.4648132324219,-30.0570793151855
"niklas-peters","Niklas Peters","person",-77.832389831543,-30.5458316802979
"armin-schaefer","Armin Schäfer","person",-73.3778762817383,-28.5690898895264
"salomé-dick","Salomé Dick","person",-74.002197265625,-29.9172382354736
"angelica-schieder","Angelica Schieder","person",-76.364875793457,-30.3328514099121
"andreas-koenig","Andreas König","person",-74.3994140625,-31.1672992706299
"christina-schoof","Christina Schoof","person",-75.2317733764648,-28.642370223999
"christiane-fry","Christiane Fry","person",-75.2928009033203,-29.9843616485596
"nikola-kiwull","Nikola Kiwull","person",-65.1183624267578,-39.3712615966797
"reinhard-koppenleitner","Reinhard Koppenleitner","person",-64.9687652587891,-36.9264831542969
"michael-sebastian-schneiss","Michael Sebastian Schneiß","person",-75.2828140258789,-19.8399715423584
"silvia-rothmund","Silvia Rothmund","person",-77.2731857299805,-27.0704689025879
"laura-brehme","Laura Brehme","person",-71.8902130126953,-24.1830406188965
"anika-lison","Anika Lison","person",-79.343620300293,-21.0323791503906
"erik-marquardt","Erik Marquardt","person",-75.0904769897461,-22.617374420166
"daniela-billig","Daniela Billig","person",-59.7594566345215,-44.8140449523926
"anna-stina-naujoks","Anna-Stina Naujoks","person",-81.724006652832,-30.2509746551514
"alexander-czempas","Alexander Czempas","person",-75.5889892578125,-31.264087677002
"wayra-quispe-traub","Wayra Quispe Traub","person",-68.0293807983398,-40.7830657958984
"leonie-back","Leonie Back","person",-75.425651550293,-26.2361164093018
"maik-brunkow","Maik Brunkow","person",-75.5181350708008,-32.1124725341797
"roman-vickery-barkow","Roman Vickery-Barkow","person",-69.1035842895508,-37.8994407653809
"june-tomiak","June Tomiak","person",-74.6474533081055,-26.7609748840332
"wolfgang-remmers","Wolfgang Remmers","person",-71.3664016723633,-27.3710803985596
"bertolt-eicke","Bertolt Eicke","person",-65.6853866577148,-40.473747253418
"jan-kjell-lange","Jan Kjell Lange","person",-62.7275009155273,-37.9504165649414
"frank-unger-weber","Frank Unger-Weber","person",-62.8017845153809,-36.4952926635742
"hermann-e.-ott","Hermann E. Ott","person",-64.7269515991211,-40.7662544250488
"anja-soedler","Anja Södler","person",-67.3879318237305,-33.4250335693359
"ulrike-trappenberg","Ulrike Trappenberg","person",-76.3444976806641,-24.6398086547852
"axel-luessow","Axel Lüssow","person",-69.534538269043,-37.9114456176758
"ronald-wenke","Ronald Wenke","person",-65.4090194702148,-38.9064483642578
"dorothea-wagner","Dorothea Wagner","person",-75.0824508666992,-25.420295715332
"thea-ramm","Thea Ramm","person",-72.1734924316406,-27.7797412872314
"christiane-hohensee","Christiane Hohensee","person",-71.6179046630859,-26.4448204040527
"clara-herrmann","Clara Herrmann","person",-75.6509094238281,-27.7896385192871
"am_98811","Änderungsantrag zu WP-3: Kapitel 3: Berlin gestaltet Zukunft","amendment",-58.1611976623535,-39.1094360351562
"am_98854","WP-1-267-2: Kapitel 1: Berlin bleibt lebenswert","amendment",-63.5254402160645,-44.6328277587891
"am_98869","Änderungsantrag zu WP-4: Kapitel 4: Berlin lebt Vielfalt","amendment",-72.6731796264648,-34.3936386108398
"am_98870","WP-4-769: Kapitel 4: Berlin lebt Vielfalt","amendment",-70.1618881225586,-31.4726257324219
"am_98890","Änderungsantrag zu WP-2: Kapitel 2: Berlin hält zusammen","amendment",-70.4348449707031,-50.9897117614746
"am_98891","Änderungsantrag zu WP-2: Kapitel 2: Berlin hält zusammen","amendment",-72.136848449707,-51.6657676696777
"am_98892","WP-2-377: Kapitel 2: Berlin hält zusammen","amendment",-69.0442047119141,-45.4072799682617
"am_98893","WP-2-234: Kapitel 2: Berlin hält zusammen","amendment",-65.5974578857422,-46.6025009155273
"am_98920","Änderungsantrag zu WP-6: Kapitel 6: Berlin funktioniert zuverlässig","amendment",-70.8605575561523,-30.1345996856689
"am_98921","Änderungsantrag zu WP-6: Kapitel 6: Berlin funktioniert zuverlässig","amendment",-71.4435348510742,-28.0658569335938
"am_98922","Änderungsantrag zu WP-6: Kapitel 6: Berlin funktioniert zuverlässig","amendment",-71.409797668457,-29.3563423156738
"am_98923","Änderungsantrag zu WP-6: Kapitel 6: Berlin funktioniert zuverlässig","amendment",-68.6769256591797,-31.5975284576416
"am_98924","Änderungsantrag zu WP-6: Kapitel 6: Berlin funktioniert zuverlässig","amendment",-71.7075347900391,-28.8491096496582
"am_98925","Änderungsantrag zu WP-6: Kapitel 6: Berlin funktioniert zuverlässig","amendment",-70.943359375,-27.3444843292236
"am_98926","Änderungsantrag zu WP-6: Kapitel 6: Berlin funktioniert zuverlässig","amendment",-68.7518692016602,-27.1704807281494
"am_98948","WP-2-150: Kapitel 2: Berlin hält zusammen","amendment",-74.0995635986328,-32.5057678222656
"am_98952","WP-6-048: Kapitel 6: Berlin funktioniert zuverlässig","amendment",-72.2620544433594,-30.7779026031494
"am_98954","WP-0-030: Präambel","amendment",-73.1491622924805,-27.2503089904785
"am_98955","WP-6-540: Kapitel 6: Berlin funktioniert zuverlässig","amendment",-73.2336578369141,-27.9529552459717
"am_98956","WP-0-003: Präambel","amendment",-73.1142730712891,-31.238733291626
"am_98958","WP-5-212: Kapitel 5: Berlin begleitet ein Leben lang","amendment",-74.46435546875,-26.0939502716064
"am_98959","WP-6-328: Kapitel 6: Berlin funktioniert zuverlässig","amendment",-73.4652633666992,-27.0418376922607
"am_98960","WP-4-010-2: Kapitel 4: Berlin lebt Vielfalt","amendment",-73.8285598754883,-28.1406593322754
"am_98962","WP-2-011: Kapitel 2: Berlin hält zusammen","amendment",-72.4305267333984,-27.9569911956787
"am_98963","Änderungsantrag zu WP-4: Kapitel 4: Berlin lebt Vielfalt","amendment",-75.2458953857422,-27.1140842437744
"am_98964","WP-4-088: Kapitel 4: Berlin lebt Vielfalt","amendment",-70.9332122802734,-26.8565540313721
"am_98965","WP-4-079-2: Kapitel 4: Berlin lebt Vielfalt","amendment",-71.0092315673828,-32.6169548034668
"am_98966","WP-0-018: Präambel","amendment",-71.2458190917969,-32.4182891845703
"am_98967","WP-4-299: Kapitel 4: Berlin lebt Vielfalt","amendment",-73.0759658813477,-29.9301643371582
"am_98968","WP-4-251: Kapitel 4: Berlin lebt Vielfalt","amendment",-61.2742919921875,-41.8865051269531
"am_98979","WP-4-031: Kapitel 4: Berlin lebt Vielfalt","amendment",-73.3608474731445,-29.9417533874512
"am_98980","WP-4-069: Kapitel 4: Berlin lebt Vielfalt","amendment",-74.8057556152344,-28.3951034545898
"am_98981","WP-4-026: Kapitel 4: Berlin lebt Vielfalt","amendment",-73.4529418945312,-31.1225490570068
"am_98982","WP-4-064: Kapitel 4: Berlin lebt Vielfalt","amendment",-78.3058242797852,-30.5979194641113
"am_98987","WP-0-016: Präambel","amendment",-60.4195785522461,-42.6528511047363
"am_98988","Änderungsantrag zu WP-5: Kapitel 5: Berlin begleitet ein Leben lang","amendment",-70.8653182983398,-34.1444358825684
"am_98989","Änderungsantrag zu WP-5: Kapitel 5: Berlin begleitet ein Leben lang","amendment",-73.3049087524414,-34.0906295776367
"am_98990","Änderungsantrag zu WP-5: Kapitel 5: Berlin begleitet ein Leben lang","amendment",-71.6244735717773,-34.7165679931641
"am_98991","WP-2-301: Kapitel 2: Berlin hält zusammen","amendment",-64.1661758422852,-38.9358749389648
"am_98993","WP-4-068: Kapitel 4: Berlin lebt Vielfalt","amendment",-61.671085357666,-43.730297088623
"am_98996","WP-4-351-2: Kapitel 4: Berlin lebt Vielfalt","amendment",-58.767578125,-44.7916641235352
"am_98997","WP-4-353-3: Kapitel 4: Berlin lebt Vielfalt","amendment",-58.4611549377441,-46.6956443786621
"am_98998","WP-4-229: Kapitel 4: Berlin lebt Vielfalt","amendment",-58.3937759399414,-48.2965545654297
"am_98999","WP-4-346: Kapitel 4: Berlin lebt Vielfalt","amendment",-71.5963516235352,-33.0960845947266
"am_99000","WP-4-347: Kapitel 4: Berlin lebt Vielfalt","amendment",-72.2067794799805,-31.8662624359131
"am_99001","WP-4-353: Kapitel 4: Berlin lebt Vielfalt","amendment",-74.1519012451172,-29.0794582366943
"am_99009","WP-6-367: Kapitel 6: Berlin funktioniert zuverlässig","amendment",-74.7253570556641,-31.4006423950195
"am_99010","WP-6-380: Kapitel 6: Berlin funktioniert zuverlässig","amendment",-69.9352798461914,-31.6941928863525
"am_99018","WP-4-027: Kapitel 4: Berlin lebt Vielfalt","amendment",-76.8326873779297,-29.7094078063965
"am_99019","WP-6-138: Kapitel 6: Berlin funktioniert zuverlässig","amendment",-59.2560958862305,-43.8195991516113
"am_99020","WP-6-024: Kapitel 6: Berlin funktioniert zuverlässig","amendment",-58.6134490966797,-44.9568824768066
"am_99024","WP-6-035: Kapitel 6: Berlin funktioniert zuverlässig","amendment",-58.6544456481934,-44.076114654541
"am_99027","WP-6-102: Kapitel 6: Berlin funktioniert zuverlässig","amendment",-55.1278076171875,-41.7336807250977
"am_99028","WP-6-095: Kapitel 6: Berlin funktioniert zuverlässig","amendment",-58.643440246582,-44.262638092041
"am_99029","WP-6-212: Kapitel 6: Berlin funktioniert zuverlässig","amendment",-58.9615669250488,-44.0037689208984
"am_99031","WP-0-003-2: Präambel","amendment",-70.4598846435547,-37.4309387207031
"am_99032","WP-6-407: Kapitel 6: Berlin funktioniert zuverlässig","amendment",-70.9319458007812,-32.160041809082
"am_99033","WP-1-121: Kapitel 1: Berlin bleibt lebenswert","amendment",-68.2172164916992,-37.6700553894043
"am_99034","WP-2-141: Kapitel 2: Berlin hält zusammen","amendment",-68.62255859375,-37.527904510498
"am_99035","Änderungsantrag zu WP-3: Kapitel 3: Berlin gestaltet Zukunft","amendment",-67.1628799438477,-36.6184616088867
"am_99040","WP-2-334: Kapitel 2: Berlin hält zusammen","amendment",-66.9878692626953,-35.4596290588379
"am_99041","WP-2-389: Kapitel 2: Berlin hält zusammen","amendment",-68.9437713623047,-34.2171630859375
"am_99042","Änderungsantrag zu WP-3: Kapitel 3: Berlin gestaltet Zukunft","amendment",-65.5545425415039,-40.0783233642578
"am_99043","WP-2-204: Kapitel 2: Berlin hält zusammen","amendment",-65.3869400024414,-40.1074523925781
"am_99044","WP-4-284: Kapitel 4: Berlin lebt Vielfalt","amendment",-67.2328109741211,-38.980541229248
"am_99045","WP-4-284-2: Kapitel 4: Berlin lebt Vielfalt","amendment",-69.027099609375,-39.366870880127
"am_99046","WP-4-440: Kapitel 4: Berlin lebt Vielfalt","amendment",-68.0492858886719,-35.8603057861328
"am_99047","WP-4-372: Kapitel 4: Berlin lebt Vielfalt","amendment",-65.9900436401367,-38.6748352050781
"am_99048","WP-4-399: Kapitel 4: Berlin lebt Vielfalt","amendment",-65.7373046875,-39.5579109191895
"am_99049","WP-4-405: Kapitel 4: Berlin lebt Vielfalt","amendment",-66.9346466064453,-39.9423599243164
"am_99050","WP-4-457: Kapitel 4: Berlin lebt Vielfalt","amendment",-67.6065139770508,-35.6879463195801
"am_99051","Änderungsantrag zu WP-6: Kapitel 6: Berlin funktioniert zuverlässig","amendment",-66.3328323364258,-41.203914642334
"am_99052","WP-4-479: Kapitel 4: Berlin lebt Vielfalt","amendment",-68.2057723999023,-33.8700294494629
"am_99053","WP-6-123: Kapitel 6: Berlin funktioniert zuverlässig","amendment",-64.2913818359375,-41.0685768127441
"am_99054","WP-5-151-2: Kapitel 5: Berlin begleitet ein Leben lang","amendment",-70.5119094848633,-36.0808639526367
"am_99055","WP-5-263: Kapitel 5: Berlin begleitet ein Leben lang","amendment",-64.6728973388672,-34.4306526184082
"am_99056","Änderungsantrag zu WP-5: Kapitel 5: Berlin begleitet ein Leben lang","amendment",-67.7653579711914,-38.4542999267578
"am_99057","Änderungsantrag zu WP-5: Kapitel 5: Berlin begleitet ein Leben lang","amendment",-66.9264221191406,-36.8451995849609
"am_99058","WP-6-100: Kapitel 6: Berlin funktioniert zuverlässig","amendment",-70.0323715209961,-38.0078086853027
"am_99070","WP-4-461: Kapitel 4: Berlin lebt Vielfalt","amendment",-68.3989105224609,-34.403205871582
"am_99080","WP-2-410: Kapitel 2: Berlin hält zusammen","amendment",-72.8925476074219,-27.0329246520996
"am_99082","WP-5-618: Kapitel 5: Berlin begleitet ein Leben lang","amendment",-69.892448425293,-34.5432815551758
"am_99085","WP-0-009: Präambel","amendment",-71.5846557617188,-31.296272277832
"am_99086","WP-5-670: Kapitel 5: Berlin begleitet ein Leben lang","amendment",-69.8859710693359,-33.2982788085938
"am_99090","WP-4-078: Kapitel 4: Berlin lebt Vielfalt","amendment",-64.7994918823242,-38.3674240112305
"am_99091","WP-6-476: Kapitel 6: Berlin funktioniert zuverlässig","amendment",-75.114616394043,-27.2123756408691
"am_99092","Änderungsantrag zu WP-3: Kapitel 3: Berlin gestaltet Zukunft","amendment",-70.4542617797852,-27.5833263397217
"am_99093","Änderungsantrag zu WP-3: Kapitel 3: Berlin gestaltet Zukunft","amendment",-72.3559875488281,-24.1713581085205
"am_99094","WP-3-274: Kapitel 3: Berlin gestaltet Zukunft","amendment",-71.7786407470703,-32.6394462585449
"am_99095","Änderungsantrag zu WP-3: Kapitel 3: Berlin gestaltet Zukunft","amendment",-70.4258117675781,-29.1450538635254
"am_99096","WP-3-279: Kapitel 3: Berlin gestaltet Zukunft","amendment",-71.0561599731445,-31.735408782959
"am_99097","Änderungsantrag zu WP-6: Kapitel 6: Berlin funktioniert zuverlässig","amendment",-75.023323059082,-30.7345123291016
"am_99099","WP-4-310: Kapitel 4: Berlin lebt Vielfalt","amendment",-74.0415496826172,-31.9164600372314
"am_99100","WP-6-466: Kapitel 6: Berlin funktioniert zuverlässig","amendment",-73.2307052612305,-31.2212219238281
"am_99102","WP-2-129-2: Kapitel 2: Berlin hält zusammen","amendment",-64.2914810180664,-38.3758354187012
"am_99103","WP-2-493: Kapitel 2: Berlin hält zusammen","amendment",-67.4666595458984,-34.4543304443359
"am_99104","WP-4-628: Kapitel 4: Berlin lebt Vielfalt","amendment",-67.7060012817383,-33.8356399536133
"am_99105","WP-4-601: Kapitel 4: Berlin lebt Vielfalt","amendment",-67.7222747802734,-34.538200378418
"am_99106","WP-5-628: Kapitel 5: Berlin begleitet ein Leben lang","amendment",-65.6568984985352,-38.7085990905762
"am_99114","Änderungsantrag zu WP-5: Kapitel 5: Berlin begleitet ein Leben lang","amendment",-73.8659133911133,-25.5890789031982
"am_99126","Änderungsantrag zu WP-3: Kapitel 3: Berlin gestaltet Zukunft","amendment",-67.3022003173828,-31.7093524932861
"am_99131","WP-4-300: Kapitel 4: Berlin lebt Vielfalt","amendment",-70.6130447387695,-33.5786819458008
"am_99219","Änderungsantrag zu WP-2: Kapitel 2: Berlin hält zusammen","amendment",-63.4003753662109,-40.2026786804199
"am_99222","WP-4-298: Kapitel 4: Berlin lebt Vielfalt","amendment",-71.1580429077148,-29.3604335784912
"am_99242","WP-3-313: Kapitel 3: Berlin gestaltet Zukunft","amendment",-56.6146125793457,-39.9021835327148
"am_99243","WP-3-334: Kapitel 3: Berlin gestaltet Zukunft","amendment",-60.7035293579102,-40.8721923828125
"am_99245","WP-5-180: Kapitel 5: Berlin begleitet ein Leben lang","amendment",-59.7425346374512,-39.3579254150391
"am_99247","WP-3-085: Kapitel 3: Berlin gestaltet Zukunft","amendment",-73.1750106811523,-30.2859363555908
"am_99252","Änderungsantrag zu WP-2: Kapitel 2: Berlin hält zusammen","amendment",-61.5711059570312,-38.9434928894043
"am_99256","Änderungsantrag zu WP-3: Kapitel 3: Berlin gestaltet Zukunft","amendment",-62.8738403320312,-44.5037956237793
"am_99262","Änderungsantrag zu WP-3: Kapitel 3: Berlin gestaltet Zukunft","amendment",-65.7883529663086,-39.0976829528809
"am_99267","WP-3-284: Kapitel 3: Berlin gestaltet Zukunft","amendment",-65.6431503295898,-38.4735221862793
"am_99271","Änderungsantrag zu WP-3: Kapitel 3: Berlin gestaltet Zukunft","amendment",-65.0655364990234,-37.969425201416
"am_99273","WP-3-259: Kapitel 3: Berlin gestaltet Zukunft","amendment",-64.1404266357422,-37.4251747131348
"am_99275","WP-3-139-3: Kapitel 3: Berlin gestaltet Zukunft","amendment",-62.7388534545898,-40.6814041137695
"am_99276","Änderungsantrag zu WP-5: Kapitel 5: Berlin begleitet ein Leben lang","amendment",-64.4443283081055,-42.5151290893555
"am_99277","WP-3-130-2: Kapitel 3: Berlin gestaltet Zukunft","amendment",-69.3382797241211,-44.2464599609375
"am_99278","Änderungsantrag zu WP-3: Kapitel 3: Berlin gestaltet Zukunft","amendment",-62.5453605651855,-40.1071624755859
"am_99280","WP-6-097: Kapitel 6: Berlin funktioniert zuverlässig","amendment",-59.6020812988281,-44.2129364013672
"am_99281","WP-3-103: Kapitel 3: Berlin gestaltet Zukunft","amendment",-64.5609512329102,-34.3155937194824
"am_99282","WP-3-069: Kapitel 3: Berlin gestaltet Zukunft","amendment",-63.5303344726562,-34.5957984924316
"am_99286","WP-6-124: Kapitel 6: Berlin funktioniert zuverlässig","amendment",-58.8198356628418,-44.3987808227539
"am_99293","WP-6-159: Kapitel 6: Berlin funktioniert zuverlässig","amendment",-60.2013549804688,-43.592601776123
"am_99294","WP-0-042: Präambel","amendment",-61.929370880127,-40.2273483276367
"am_99298","WP-6-143: Kapitel 6: Berlin funktioniert zuverlässig","amendment",-59.3443756103516,-44.0078506469727
"am_99300","WP-4-000: Kapitel 4: Berlin lebt Vielfalt","amendment",-57.4447822570801,-36.8312377929688
"am_99302","WP-6-406: Kapitel 6: Berlin funktioniert zuverlässig","amendment",-57.9744644165039,-43.3387756347656
"am_99303","Änderungsantrag zu WP-3: Kapitel 3: Berlin gestaltet Zukunft","amendment",-63.4584121704102,-38.0888710021973
"am_99304","Änderungsantrag zu WP-4: Kapitel 4: Berlin lebt Vielfalt","amendment",-69.212287902832,-29.9930782318115
"am_99305","WP-4-310-2: Kapitel 4: Berlin lebt Vielfalt","amendment",-72.1811981201172,-28.8871097564697
"am_99315","WP-5-254-2: Kapitel 5: Berlin begleitet ein Leben lang","amendment",-70.0033416748047,-31.6884860992432
"am_99317","WP-1-481: Kapitel 1: Berlin bleibt lebenswert","amendment",-75.906982421875,-30.2929782867432
"am_99319","WP-5-153-2: Kapitel 5: Berlin begleitet ein Leben lang","amendment",-73.4152221679688,-30.9937496185303
"am_99322","WP-3-078: Kapitel 3: Berlin gestaltet Zukunft","amendment",-68.2738189697266,-35.5398483276367
"am_99323","WP-5-182: Kapitel 5: Berlin begleitet ein Leben lang","amendment",-73.4343795776367,-30.9202346801758
"am_99324","WP-3-155: Kapitel 3: Berlin gestaltet Zukunft","amendment",-71.4307632446289,-32.115592956543
"am_99325","WP-3-173: Kapitel 3: Berlin gestaltet Zukunft","amendment",-68.5062561035156,-34.9493789672852
"am_99326","Änderungsantrag zu WP-3: Kapitel 3: Berlin gestaltet Zukunft","amendment",-71.8574295043945,-29.424825668335
"am_99327","WP-3-163: Kapitel 3: Berlin gestaltet Zukunft","amendment",-72.0900268554688,-31.6948566436768
"am_99329","WP-2-030: Kapitel 2: Berlin hält zusammen","amendment",-62.9233322143555,-41.3550758361816
"am_99330","Änderungsantrag zu WP-5: Kapitel 5: Berlin begleitet ein Leben lang","amendment",-74.8013610839844,-24.3374996185303
"am_99331","WP-2-040-2: Kapitel 2: Berlin hält zusammen","amendment",-63.2234306335449,-42.2167129516602
"am_99332","WP-2-119: Kapitel 2: Berlin hält zusammen","amendment",-61.9761123657227,-41.8215484619141
"am_99333","WP-3-086: Kapitel 3: Berlin gestaltet Zukunft","amendment",-73.0577697753906,-30.8553638458252
"am_99334","WP-2-102: Kapitel 2: Berlin hält zusammen","amendment",-63.886962890625,-41.2762413024902
"am_99339","WP-2-004: Kapitel 2: Berlin hält zusammen","amendment",-69.6226272583008,-32.0115509033203
"am_99348","WP-2-512: Kapitel 2: Berlin hält zusammen","amendment",-69.3262252807617,-31.134147644043
"am_99349","WP-2-515: Kapitel 2: Berlin hält zusammen","amendment",-71.8782653808594,-30.7289485931396
"am_99350","WP-2-517: Kapitel 2: Berlin hält zusammen","amendment",-67.7099761962891,-29.4659233093262
"am_99351","WP-2-531: Kapitel 2: Berlin hält zusammen","amendment",-71.0598602294922,-31.9454956054688
"am_99352","WP-2-566: Kapitel 2: Berlin hält zusammen","amendment",-72.0376358032227,-31.5550575256348
"am_99353","WP-5-079: Kapitel 5: Berlin begleitet ein Leben lang","amendment",-67.7448806762695,-30.3189716339111
"am_99354","Änderungsantrag zu WP-3: Kapitel 3: Berlin gestaltet Zukunft","amendment",-70.9388580322266,-33.7779426574707
"am_99357","WP-3-489: Kapitel 3: Berlin gestaltet Zukunft","amendment",-72.3023452758789,-31.2868232727051
"am_99359","WP-3-489-2: Kapitel 3: Berlin gestaltet Zukunft","amendment",-74.2101287841797,-29.5953598022461
"am_99360","WP-3-523-2: Kapitel 3: Berlin gestaltet Zukunft","amendment",-71.3625183105469,-32.3245735168457
"am_99362","WP-3-686-2: Kapitel 3: Berlin gestaltet Zukunft","amendment",-73.0614929199219,-32.3183135986328
"am_99367","WP-2-570: Kapitel 2: Berlin hält zusammen","amendment",-72.1593933105469,-32.188346862793
"am_99369","WP-2-593: Kapitel 2: Berlin hält zusammen","amendment",-72.2645492553711,-32.7576370239258
"am_99370","WP-3-546: Kapitel 3: Berlin gestaltet Zukunft","amendment",-63.0455932617188,-34.4029273986816
"am_99371","WP-2-334-2: Kapitel 2: Berlin hält zusammen","amendment",-66.5044174194336,-36.9948616027832
"am_99372","WP-2-591: Kapitel 2: Berlin hält zusammen","amendment",-67.1274948120117,-37.4046669006348
"am_99373","WP-2-596: Kapitel 2: Berlin hält zusammen","amendment",-66.8847579956055,-35.915584564209
"am_99374","WP-3-756: Kapitel 3: Berlin gestaltet Zukunft","amendment",-67.0602264404297,-37.1409225463867
"am_99375","WP-4-158: Kapitel 4: Berlin lebt Vielfalt","amendment",-66.060920715332,-38.9873504638672
"am_99376","WP-4-682: Kapitel 4: Berlin lebt Vielfalt","amendment",-66.6503524780273,-38.615608215332
"am_99377","WP-4-687: Kapitel 4: Berlin lebt Vielfalt","amendment",-64.5378646850586,-37.0403289794922
"am_99378","WP-4-738: Kapitel 4: Berlin lebt Vielfalt","amendment",-66.4004974365234,-40.6255149841309
"am_99379","Änderungsantrag zu WP-1: Kapitel 1: Berlin bleibt lebenswert","amendment",-65.6996383666992,-39.6638374328613
"am_99380","WP-1-014: Kapitel 1: Berlin bleibt lebenswert","amendment",-64.5414886474609,-39.4779434204102
"am_99381","Änderungsantrag zu WP-1: Kapitel 1: Berlin bleibt lebenswert","amendment",-64.9839324951172,-39.8476066589355
"am_99382","WP-2-057: Kapitel 2: Berlin hält zusammen","amendment",-65.4150543212891,-37.441780090332
"am_99383","Änderungsantrag zu WP-2: Kapitel 2: Berlin hält zusammen","amendment",-63.2796592712402,-39.175479888916
"am_99384","WP-3-037: Kapitel 3: Berlin gestaltet Zukunft","amendment",-66.010498046875,-39.8318672180176
"am_99385","WP-3-051: Kapitel 3: Berlin gestaltet Zukunft","amendment",-65.9192276000977,-40.3616676330566
"am_99386","Änderungsantrag zu WP-3: Kapitel 3: Berlin gestaltet Zukunft","amendment",-65.0590362548828,-38.7279739379883
"am_99387","WP-3-083: Kapitel 3: Berlin gestaltet Zukunft","amendment",-62.8500518798828,-38.724796295166
"am_99388","WP-3-253: Kapitel 3: Berlin gestaltet Zukunft","amendment",-70.1042022705078,-39.7717018127441
"am_99389","Änderungsantrag zu WP-3: Kapitel 3: Berlin gestaltet Zukunft","amendment",-66.0532455444336,-39.6819648742676
"am_99390","Änderungsantrag zu WP-3: Kapitel 3: Berlin gestaltet Zukunft","amendment",-64.5344314575195,-40.4360122680664
"am_99391","WP-4-087: Kapitel 4: Berlin lebt Vielfalt","amendment",-66.2215347290039,-38.0479583740234
"am_99392","Änderungsantrag zu WP-6: Kapitel 6: Berlin funktioniert zuverlässig","amendment",-65.2300109863281,-39.8034782409668
"am_99393","WP-4-010: Kapitel 4: Berlin lebt Vielfalt","amendment",-70.487060546875,-30.5738620758057
"am_99394","Änderungsantrag zu WP-0: Präambel","amendment",-69.6595153808594,-30.7851696014404
"am_99395","WP-3-125: Kapitel 3: Berlin gestaltet Zukunft","amendment",-62.1221656799316,-40.1053276062012
"am_99396","Änderungsantrag zu WP-3: Kapitel 3: Berlin gestaltet Zukunft","amendment",-61.2816390991211,-43.4032669067383
"am_99397","Änderungsantrag zu WP-4: Kapitel 4: Berlin lebt Vielfalt","amendment",-64.8618011474609,-38.8567810058594
"am_99398","Änderungsantrag zu WP-2: Kapitel 2: Berlin hält zusammen","amendment",-74.6902923583984,-27.6657123565674
"am_99399","Änderungsantrag zu WP-5: Kapitel 5: Berlin begleitet ein Leben lang","amendment",-74.835563659668,-30.3607616424561
"am_99400","Änderungsantrag zu WP-5: Kapitel 5: Berlin begleitet ein Leben lang","amendment",-73.9644393920898,-31.0218048095703
"am_99401","WP-5-256: Kapitel 5: Berlin begleitet ein Leben lang","amendment",-73.9953002929688,-30.508264541626
"am_99402","WP-4-666: Kapitel 4: Berlin lebt Vielfalt","amendment",-71.7451400756836,-29.5266914367676
"am_99413","WP-5-023: Kapitel 5: Berlin begleitet ein Leben lang","amendment",-73.8957672119141,-30.5225925445557
"am_99416","WP-5-034: Kapitel 5: Berlin begleitet ein Leben lang","amendment",-74.0968322753906,-30.0399589538574
"am_99418","Änderungsantrag zu WP-4: Kapitel 4: Berlin lebt Vielfalt","amendment",-63.9989471435547,-39.1804275512695
"am_99419","WP-5-041: Kapitel 5: Berlin begleitet ein Leben lang","amendment",-72.9932098388672,-31.4136753082275
"am_99420","WP-5-053: Kapitel 5: Berlin begleitet ein Leben lang","amendment",-73.6207046508789,-31.6833400726318
"am_99424","Änderungsantrag zu WP-4: Kapitel 4: Berlin lebt Vielfalt","amendment",-72.7406616210938,-31.8340721130371
"am_99425","WP-5-055: Kapitel 5: Berlin begleitet ein Leben lang","amendment",-69.1154174804688,-31.1320610046387
"am_99427","WP-5-063-2: Kapitel 5: Berlin begleitet ein Leben lang","amendment",-71.9647674560547,-28.0300407409668
"am_99428","Änderungsantrag zu WP-5: Kapitel 5: Berlin begleitet ein Leben lang","amendment",-74.731071472168,-27.3248596191406
"am_99431","Änderungsantrag zu WP-5: Kapitel 5: Berlin begleitet ein Leben lang","amendment",-76.9618606567383,-30.2072505950928
"am_99434","WP-5-098: Kapitel 5: Berlin begleitet ein Leben lang","amendment",-71.1341552734375,-25.6455726623535
"am_99435","Änderungsantrag zu WP-1: Kapitel 1: Berlin bleibt lebenswert","amendment",-68.2414245605469,-36.1295204162598
"am_99438","Änderungsantrag zu WP-4: Kapitel 4: Berlin lebt Vielfalt","amendment",-74.2255477905273,-31.685396194458
"am_99439","WP-5-236-2: Kapitel 5: Berlin begleitet ein Leben lang","amendment",-72.1797866821289,-31.4255599975586
"am_99441","WP-4-230: Kapitel 4: Berlin lebt Vielfalt","amendment",-58.7252540588379,-46.2766761779785
"am_99442","WP-5-279-2: Kapitel 5: Berlin begleitet ein Leben lang","amendment",-69.6605606079102,-33.7869834899902
"am_99443","WP-5-369: Kapitel 5: Berlin begleitet ein Leben lang","amendment",-67.8403472900391,-37.8270988464355
"am_99444","WP-5-273: Kapitel 5: Berlin begleitet ein Leben lang","amendment",-72.8902587890625,-31.3212890625
"am_99445","WP-5-260: Kapitel 5: Berlin begleitet ein Leben lang","amendment",-72.1903839111328,-29.4022159576416
"am_99447","WP-0-018-2: Präambel","amendment",-71.8606719970703,-33.8089447021484
"am_99448","WP-5-231-2: Kapitel 5: Berlin begleitet ein Leben lang","amendment",-76.3120498657227,-32.1753807067871
"am_99449","WP-5-217: Kapitel 5: Berlin begleitet ein Leben lang","amendment",-71.8144073486328,-33.6458282470703
"am_99452","WP-5-187: Kapitel 5: Berlin begleitet ein Leben lang","amendment",-73.2932662963867,-31.271125793457
"am_99453","WP-5-231: Kapitel 5: Berlin begleitet ein Leben lang","amendment",-72.1030120849609,-29.9311237335205
"am_99455","Änderungsantrag zu WP-4: Kapitel 4: Berlin lebt Vielfalt","amendment",-71.8819808959961,-31.0869674682617
"am_99458","Änderungsantrag zu WP-6: Kapitel 6: Berlin funktioniert zuverlässig","amendment",-66.2384872436523,-36.5190010070801
"am_99459","WP-6-562: Kapitel 6: Berlin funktioniert zuverlässig","amendment",-65.3941116333008,-38.2857437133789
"am_99460","Änderungsantrag zu WP-5: Kapitel 5: Berlin begleitet ein Leben lang","amendment",-74.0527877807617,-31.038236618042
"am_99475","WP-0-011: Präambel","amendment",-68.7334289550781,-34.0052261352539
"am_99477","WP-3-486: Kapitel 3: Berlin gestaltet Zukunft","amendment",-70.8893051147461,-34.7050132751465
"am_99483","WP-5-824: Kapitel 5: Berlin begleitet ein Leben lang","amendment",-72.2229843139648,-29.8075103759766
"am_99485","WP-3-035: Kapitel 3: Berlin gestaltet Zukunft","amendment",-73.1781158447266,-33.5723075866699
"am_99488","WP-4-828-2: Kapitel 4: Berlin lebt Vielfalt","amendment",-102.796615600586,29.2673740386963
"am_99489","WP-4-692: Kapitel 4: Berlin lebt Vielfalt","amendment",-104.105422973633,31.7914733886719
"am_99490","WP-3-139: Kapitel 3: Berlin gestaltet Zukunft","amendment",-63.2252464294434,-40.3267402648926
"am_99491","WP-3-074: Kapitel 3: Berlin gestaltet Zukunft","amendment",-102.711784362793,30.1398887634277
"am_99499","WP-5-094: Kapitel 5: Berlin begleitet ein Leben lang","amendment",-63.4748268127441,-41.7971687316895
"am_99500","WP-4-523: Kapitel 4: Berlin lebt Vielfalt","amendment",-71.9177627563477,-32.0422325134277
"am_99501","Änderungsantrag zu WP-4: Kapitel 4: Berlin lebt Vielfalt","amendment",-75.2271575927734,-33.5224571228027
"am_99504","Änderungsantrag zu WP-4: Kapitel 4: Berlin lebt Vielfalt","amendment",-76.3741073608398,-31.4483318328857
"am_99507","WP-3-667-2: Kapitel 3: Berlin gestaltet Zukunft","amendment",-77.8147125244141,-27.9225769042969
"am_99509","WP-4-553: Kapitel 4: Berlin lebt Vielfalt","amendment",-71.3204040527344,-30.8304901123047
"am_99510","Änderungsantrag zu WP-4: Kapitel 4: Berlin lebt Vielfalt","amendment",-75.7090911865234,-31.8680553436279
"am_99512","WP-5-119: Kapitel 5: Berlin begleitet ein Leben lang","amendment",-72.2457580566406,-29.3084373474121
"am_99513","WP-3-694-2: Kapitel 3: Berlin gestaltet Zukunft","amendment",-75.1511306762695,-29.9443492889404
"am_99514","WP-5-311: Kapitel 5: Berlin begleitet ein Leben lang","amendment",-70.5742111206055,-30.9760723114014
"am_99515","WP-5-315: Kapitel 5: Berlin begleitet ein Leben lang","amendment",-70.1598587036133,-33.4376182556152
"am_99516","WP-5-319-2: Kapitel 5: Berlin begleitet ein Leben lang","amendment",-69.0202102661133,-32.7946510314941
"am_99517","WP-5-118: Kapitel 5: Berlin begleitet ein Leben lang","amendment",-74.6221313476562,-34.2399597167969
"am_99518","WP-5-114: Kapitel 5: Berlin begleitet ein Leben lang","amendment",-76.0119476318359,-27.3016185760498
"am_99519","WP-5-088: Kapitel 5: Berlin begleitet ein Leben lang","amendment",-76.2382965087891,-31.3939743041992
"am_99520","WP-5-108: Kapitel 5: Berlin begleitet ein Leben lang","amendment",-74.6294708251953,-29.4173641204834
"am_99521","Änderungsantrag zu WP-4: Kapitel 4: Berlin lebt Vielfalt","amendment",-57.1053161621094,-43.3986053466797
"am_99522","Änderungsantrag zu WP-3: Kapitel 3: Berlin gestaltet Zukunft","amendment",-62.7953567504883,-42.7151412963867
"am_99523","Änderungsantrag zu WP-6: Kapitel 6: Berlin funktioniert zuverlässig","amendment",-60.2838592529297,-40.2807197570801
"am_99524","WP-5-131: Kapitel 5: Berlin begleitet ein Leben lang","amendment",-74.978874206543,-29.6551151275635
"am_99525","WP-5-073: Kapitel 5: Berlin begleitet ein Leben lang","amendment",-74.3234710693359,-28.6131896972656
"am_99526","WP-5-063: Kapitel 5: Berlin begleitet ein Leben lang","amendment",-74.9409332275391,-27.3274173736572
"am_99527","WP-5-071: Kapitel 5: Berlin begleitet ein Leben lang","amendment",-71.3189315795898,-28.719274520874
"am_99528","WP-0-034: Präambel","amendment",-72.1780242919922,-31.1193103790283
"am_99529","WP-4-709: Kapitel 4: Berlin lebt Vielfalt","amendment",-66.4763031005859,-35.0902519226074
"am_99530","WP-5-319-3: Kapitel 5: Berlin begleitet ein Leben lang","amendment",-69.4506683349609,-29.4815921783447
"am_99532","WP-5-218: Kapitel 5: Berlin begleitet ein Leben lang","amendment",-65.5886611938477,-36.3407363891602
"am_99533","WP-5-311-2: Kapitel 5: Berlin begleitet ein Leben lang","amendment",-68.7730484008789,-34.1512870788574
"am_99534","WP-5-313: Kapitel 5: Berlin begleitet ein Leben lang","amendment",-71.0354461669922,-33.6198348999023
"am_99535","WP-5-185: Kapitel 5: Berlin begleitet ein Leben lang","amendment",-63.3654899597168,-40.075267791748
"am_99536","WP-4-230-2: Kapitel 4: Berlin lebt Vielfalt","amendment",-69.5755996704102,-32.5746650695801
"am_99537","WP-4-252: Kapitel 4: Berlin lebt Vielfalt","amendment",-70.1051940917969,-31.8560066223145
"am_99538","Änderungsantrag zu WP-3: Kapitel 3: Berlin gestaltet Zukunft","amendment",-64.9985733032227,-39.0417556762695
"am_99539","WP-3-235-2: Kapitel 3: Berlin gestaltet Zukunft","amendment",-72.383544921875,-31.6241645812988
"am_99540","Änderungsantrag zu WP-3: Kapitel 3: Berlin gestaltet Zukunft","amendment",-66.7229537963867,-38.7977828979492
"am_99541","WP-3-134: Kapitel 3: Berlin gestaltet Zukunft","amendment",-71.0502471923828,-32.06640625
"am_99543","Änderungsantrag zu WP-5: Kapitel 5: Berlin begleitet ein Leben lang","amendment",-14.8726272583008,-78.7885589599609
"am_99546","WP-0-030-2: Präambel","amendment",-70.4264755249023,-40.4939918518066
"am_99547","WP-0-059: Präambel","amendment",-68.3176574707031,-38.7585525512695
"am_99548","WP-3-677: Kapitel 3: Berlin gestaltet Zukunft","amendment",-69.5338668823242,-38.797721862793
"am_99549","WP-5-219-2: Kapitel 5: Berlin begleitet ein Leben lang","amendment",-65.3465957641602,-38.5363960266113
"am_99550","WP-3-686: Kapitel 3: Berlin gestaltet Zukunft","amendment",-68.1116256713867,-38.2704696655273
"am_99551","WP-3-687: Kapitel 3: Berlin gestaltet Zukunft","amendment",-67.9641723632812,-38.704647064209
"am_99552","Änderungsantrag zu WP-2: Kapitel 2: Berlin hält zusammen","amendment",-69.74755859375,-34.3778800964355
"am_99553","WP-3-687-2: Kapitel 3: Berlin gestaltet Zukunft","amendment",-66.4506530761719,-38.8886032104492
"am_99554","WP-3-690: Kapitel 3: Berlin gestaltet Zukunft","amendment",-69.9017791748047,-39.0394287109375
"am_99555","WP-3-710: Kapitel 3: Berlin gestaltet Zukunft","amendment",-70.2329940795898,-38.9751625061035
"am_99556","Änderungsantrag zu WP-4: Kapitel 4: Berlin lebt Vielfalt","amendment",-68.2336959838867,-39.9818420410156
"am_99557","WP-6-565: Kapitel 6: Berlin funktioniert zuverlässig","amendment",-68.1781921386719,-38.4784545898438
"am_99558","WP-1-060: Kapitel 1: Berlin bleibt lebenswert","amendment",-70.98291015625,-22.9103965759277
"am_99559","Änderungsantrag zu WP-2: Kapitel 2: Berlin hält zusammen","amendment",-70.3595352172852,-35.5243148803711
"am_99560","WP-1-194: Kapitel 1: Berlin bleibt lebenswert","amendment",-78.7727584838867,-29.7938442230225
"am_99561","WP-1-263: Kapitel 1: Berlin bleibt lebenswert","amendment",-73.671875,-27.854642868042
"am_99562","WP-1-474: Kapitel 1: Berlin bleibt lebenswert","amendment",-76.0732879638672,-25.8853931427002
"am_99563","WP-4-094: Kapitel 4: Berlin lebt Vielfalt","amendment",-67.4017715454102,-36.7908401489258
"am_99564","Änderungsantrag zu WP-4: Kapitel 4: Berlin lebt Vielfalt","amendment",-71.5445022583008,-31.3998374938965
"am_99565","WP-0-010: Präambel","amendment",-67.4612045288086,-29.8398990631104
"am_99566","WP-5-448: Kapitel 5: Berlin begleitet ein Leben lang","amendment",-64.4089050292969,-36.4121589660645
"am_99567","WP-0-030-4: Präambel","amendment",-64.7743072509766,-39.0185966491699
"am_99570","WP-1-003-2: Kapitel 1: Berlin bleibt lebenswert","amendment",-64.5955505371094,-39.2696418762207
"am_99571","WP-1-160: Kapitel 1: Berlin bleibt lebenswert","amendment",-66.7803192138672,-37.8362808227539
"am_99572","Änderungsantrag zu WP-3: Kapitel 3: Berlin gestaltet Zukunft","amendment",-73.0730667114258,-26.3212718963623
"am_99574","Änderungsantrag zu WP-3: Kapitel 3: Berlin gestaltet Zukunft","amendment",-73.7794036865234,-28.4364223480225
"am_99575","WP-3-017: Kapitel 3: Berlin gestaltet Zukunft","amendment",-61.0940399169922,-37.9563636779785
"am_99578","WP-5-378: Kapitel 5: Berlin begleitet ein Leben lang","amendment",-63.5881805419922,-37.3219108581543
"am_99581","WP-6-318: Kapitel 6: Berlin funktioniert zuverlässig","amendment",-67.8084106445312,-36.530891418457
"am_99583","WP-5-416: Kapitel 5: Berlin begleitet ein Leben lang","amendment",-65.0630950927734,-38.2888717651367
"am_99588","WP-6-000: Kapitel 6: Berlin funktioniert zuverlässig","amendment",-64.4937133789062,-38.7447204589844
"am_99590","WP-6-001: Kapitel 6: Berlin funktioniert zuverlässig","amendment",-64.317497253418,-38.8012962341309
"am_99591","WP-5-120: Kapitel 5: Berlin begleitet ein Leben lang","amendment",-74.0219497680664,-29.5168571472168
"am_99613","Änderungsantrag zu WP-5: Kapitel 5: Berlin begleitet ein Leben lang","amendment",-75.4866409301758,-35.8922004699707
"am_99615","WP-6-429: Kapitel 6: Berlin funktioniert zuverlässig","amendment",-61.2103805541992,-39.9317817687988
"am_99616","WP-2-186: Kapitel 2: Berlin hält zusammen","amendment",-62.6921501159668,-44.002758026123
"am_99617","Änderungsantrag zu WP-6: Kapitel 6: Berlin funktioniert zuverlässig","amendment",-62.3317375183105,-42.3632850646973
"am_99618","WP-3-580: Kapitel 3: Berlin gestaltet Zukunft","amendment",-74.8014831542969,-30.0018501281738
"am_99619","Änderungsantrag zu WP-6: Kapitel 6: Berlin funktioniert zuverlässig","amendment",-63.0749168395996,-37.4787368774414
"am_99620","WP-5-183: Kapitel 5: Berlin begleitet ein Leben lang","amendment",-63.3520011901855,-41.3503570556641
"am_99621","Änderungsantrag zu WP-4: Kapitel 4: Berlin lebt Vielfalt","amendment",-62.4073066711426,-35.867603302002
"am_99622","Änderungsantrag zu WP-5: Kapitel 5: Berlin begleitet ein Leben lang","amendment",-60.0686874389648,-37.0524826049805
"am_99624","WP-5-815: Kapitel 5: Berlin begleitet ein Leben lang","amendment",-63.4344635009766,-41.6139793395996
"am_99626","WP-5-824-2: Kapitel 5: Berlin begleitet ein Leben lang","amendment",-59.9389915466309,-38.5026817321777
"am_99627","Änderungsantrag zu WP-4: Kapitel 4: Berlin lebt Vielfalt","amendment",-57.7106399536133,-43.43017578125
"am_99631","WP-3-261: Kapitel 3: Berlin gestaltet Zukunft","amendment",-72.8534240722656,-33.4569778442383
"am_99632","Änderungsantrag zu WP-2: Kapitel 2: Berlin hält zusammen","amendment",-61.0512809753418,-43.4233703613281
"am_99635","Änderungsantrag zu WP-6: Kapitel 6: Berlin funktioniert zuverlässig","amendment",-71.4263687133789,-33.8532829284668
"am_99636","Änderungsantrag zu WP-2: Kapitel 2: Berlin hält zusammen","amendment",-60.1178283691406,-44.3318901062012
"am_99637","WP-5-045: Kapitel 5: Berlin begleitet ein Leben lang","amendment",-71.3666152954102,-33.518196105957
"am_99638","WP-6-543: Kapitel 6: Berlin funktioniert zuverlässig","amendment",-71.7355575561523,-33.0198822021484
"am_99639","Änderungsantrag zu WP-2: Kapitel 2: Berlin hält zusammen","amendment",-58.0372314453125,-44.5600471496582
"am_99640","Änderungsantrag zu WP-2: Kapitel 2: Berlin hält zusammen","amendment",-60.0977935791016,-42.4729118347168
"am_99641","WP-5-276: Kapitel 5: Berlin begleitet ein Leben lang","amendment",-66.1205749511719,-40.905460357666
"am_99644","Änderungsantrag zu WP-2: Kapitel 2: Berlin hält zusammen","amendment",-57.9824295043945,-42.6216316223145
"am_99645","Änderungsantrag zu WP-2: Kapitel 2: Berlin hält zusammen","amendment",-57.9938926696777,-41.3485298156738
"am_99653","Änderungsantrag zu WP-3: Kapitel 3: Berlin gestaltet Zukunft","amendment",-71.8744049072266,-38.8067474365234
"am_99654","Änderungsantrag zu WP-3: Kapitel 3: Berlin gestaltet Zukunft","amendment",-62.9264488220215,-40.3238830566406
"am_99655","Änderungsantrag zu WP-3: Kapitel 3: Berlin gestaltet Zukunft","amendment",-62.8160209655762,-40.1880378723145
"am_99656","WP-4-744: Kapitel 4: Berlin lebt Vielfalt","amendment",-68.5156707763672,-36.7833595275879
"am_99657","WP-3-443: Kapitel 3: Berlin gestaltet Zukunft","amendment",-71.886344909668,-39.1167297363281
"am_99658","WP-5-487: Kapitel 5: Berlin begleitet ein Leben lang","amendment",-67.1366119384766,-39.4960441589355
"am_99659","Änderungsantrag zu WP-3: Kapitel 3: Berlin gestaltet Zukunft","amendment",-62.6693153381348,-40.0101890563965
"am_99660","Änderungsantrag zu WP-3: Kapitel 3: Berlin gestaltet Zukunft","amendment",-62.7169227600098,-39.7020225524902
"am_99661","Änderungsantrag zu WP-3: Kapitel 3: Berlin gestaltet Zukunft","amendment",-63.041187286377,-39.1468811035156
"am_99662","WP-3-241: Kapitel 3: Berlin gestaltet Zukunft","amendment",-65.3974075317383,-37.1914405822754
"am_99663","WP-4-580: Kapitel 4: Berlin lebt Vielfalt","amendment",-71.1718292236328,-37.3732681274414
"am_99664","Änderungsantrag zu WP-2: Kapitel 2: Berlin hält zusammen","amendment",-67.9024658203125,-37.0954399108887
"am_99665","Änderungsantrag zu WP-3: Kapitel 3: Berlin gestaltet Zukunft","amendment",-60.2763900756836,-43.1088027954102
"am_99666","Änderungsantrag zu WP-4: Kapitel 4: Berlin lebt Vielfalt","amendment",-63.2018127441406,-40.533805847168
"am_99667","Änderungsantrag zu WP-2: Kapitel 2: Berlin hält zusammen","amendment",-55.2307319641113,-45.2783508300781
"am_99668","Änderungsantrag zu WP-2: Kapitel 2: Berlin hält zusammen","amendment",-60.7022514343262,-43.0812530517578
"am_99669","Änderungsantrag zu WP-2: Kapitel 2: Berlin hält zusammen","amendment",-58.5098419189453,-43.4660491943359
"am_99672","WP-3-222-2: Kapitel 3: Berlin gestaltet Zukunft","amendment",-73.3261413574219,-33.95166015625
"am_99673","WP-4-359: Kapitel 4: Berlin lebt Vielfalt","amendment",-71.8528060913086,-32.3913116455078
"am_99674","Änderungsantrag zu WP-1: Kapitel 1: Berlin bleibt lebenswert","amendment",-74.0535659790039,-29.199348449707
"am_99675","Änderungsantrag zu WP-1: Kapitel 1: Berlin bleibt lebenswert","amendment",-75.5824508666992,-29.0304832458496
"am_99676","Änderungsantrag zu WP-1: Kapitel 1: Berlin bleibt lebenswert","amendment",-61.7699317932129,-29.6075000762939
"am_99677","WP-5-826: Kapitel 5: Berlin begleitet ein Leben lang","amendment",-73.949462890625,-29.1037311553955
"am_99678","Änderungsantrag zu WP-1: Kapitel 1: Berlin bleibt lebenswert","amendment",-74.377082824707,-28.1268177032471
"am_99679","WP-4-532: Kapitel 4: Berlin lebt Vielfalt","amendment",-65.5527496337891,-36.6829566955566
"am_99680","Änderungsantrag zu WP-1: Kapitel 1: Berlin bleibt lebenswert","amendment",-74.4912185668945,-27.7738056182861
"am_99681","WP-5-389: Kapitel 5: Berlin begleitet ein Leben lang","amendment",-74.9595718383789,-29.2317180633545
"am_99683","Änderungsantrag zu WP-1: Kapitel 1: Berlin bleibt lebenswert","amendment",-74.5840835571289,-28.0042343139648
"am_99684","Änderungsantrag zu WP-1: Kapitel 1: Berlin bleibt lebenswert","amendment",-76.2838516235352,-25.1796321868896
"am_99685","WP-5-513: Kapitel 5: Berlin begleitet ein Leben lang","amendment",-73.4584121704102,-27.93434715271
"am_99686","Änderungsantrag zu WP-1: Kapitel 1: Berlin bleibt lebenswert","amendment",-74.9897613525391,-28.0629863739014
"am_99687","WP-5-057: Kapitel 5: Berlin begleitet ein Leben lang","amendment",-71.0648956298828,-32.9061126708984
"am_99688","Änderungsantrag zu WP-1: Kapitel 1: Berlin bleibt lebenswert","amendment",-75.0863189697266,-28.1881618499756
"am_99689","Änderungsantrag zu WP-1: Kapitel 1: Berlin bleibt lebenswert","amendment",-64.2373123168945,-20.894552230835
"am_99690","WP-2-131: Kapitel 2: Berlin hält zusammen","amendment",-70.3171005249023,-30.3935451507568
"am_99691","Änderungsantrag zu WP-1: Kapitel 1: Berlin bleibt lebenswert","amendment",-74.4979629516602,-28.5077018737793
"am_99693","Änderungsantrag zu WP-1: Kapitel 1: Berlin bleibt lebenswert","amendment",-75.806770324707,-26.8590240478516
"am_99696","Änderungsantrag zu WP-1: Kapitel 1: Berlin bleibt lebenswert","amendment",-77.8166351318359,-32.4542770385742
"am_99697","WP-2-237: Kapitel 2: Berlin hält zusammen","amendment",-71.3277053833008,-30.3463459014893
"am_99698","Änderungsantrag zu WP-1: Kapitel 1: Berlin bleibt lebenswert","amendment",-74.4203414916992,-27.640645980835
"am_99699","WP-2-315: Kapitel 2: Berlin hält zusammen","amendment",-72.1078109741211,-31.2883186340332
"am_99700","Änderungsantrag zu WP-1: Kapitel 1: Berlin bleibt lebenswert","amendment",-73.3398361206055,-26.2574481964111
"am_99701","Änderungsantrag zu WP-1: Kapitel 1: Berlin bleibt lebenswert","amendment",-78.4980850219727,-27.1508750915527
"am_99702","Änderungsantrag zu WP-1: Kapitel 1: Berlin bleibt lebenswert","amendment",-76.1024169921875,-28.6801872253418
"am_99703","Änderungsantrag zu WP-1: Kapitel 1: Berlin bleibt lebenswert","amendment",-75.9544448852539,-29.5078659057617
"am_99704","Änderungsantrag zu WP-1: Kapitel 1: Berlin bleibt lebenswert","amendment",-75.522705078125,-28.1112995147705
"am_99705","Änderungsantrag zu WP-1: Kapitel 1: Berlin bleibt lebenswert","amendment",-79.2998046875,-31.3606090545654
"am_99706","Änderungsantrag zu WP-1: Kapitel 1: Berlin bleibt lebenswert","amendment",-75.5467681884766,-28.5055103302002
"am_99707","Änderungsantrag zu WP-1: Kapitel 1: Berlin bleibt lebenswert","amendment",-74.1596069335938,-28.8589096069336
"am_99708","Änderungsantrag zu WP-1: Kapitel 1: Berlin bleibt lebenswert","amendment",-73.3594055175781,-28.8927364349365
"am_99709","Änderungsantrag zu WP-1: Kapitel 1: Berlin bleibt lebenswert","amendment",-74.2609710693359,-30.3716564178467
"am_99710","Änderungsantrag zu WP-1: Kapitel 1: Berlin bleibt lebenswert","amendment",-73.3099670410156,-29.2334270477295
"am_99711","Änderungsantrag zu WP-1: Kapitel 1: Berlin bleibt lebenswert","amendment",-73.6898574829102,-30.7115116119385
"am_99712","Änderungsantrag zu WP-1: Kapitel 1: Berlin bleibt lebenswert","amendment",-73.9343719482422,-27.4075298309326
"am_99713","Änderungsantrag zu WP-1: Kapitel 1: Berlin bleibt lebenswert","amendment",-76.4675064086914,-22.2159767150879
"am_99714","Änderungsantrag zu WP-1: Kapitel 1: Berlin bleibt lebenswert","amendment",-70.3228530883789,-25.8734378814697
"am_99715","Änderungsantrag zu WP-1: Kapitel 1: Berlin bleibt lebenswert","amendment",-74.9896697998047,-27.9076347351074
"am_99716","Änderungsantrag zu WP-1: Kapitel 1: Berlin bleibt lebenswert","amendment",-77.667724609375,-27.1521854400635
"am_99717","Änderungsantrag zu WP-1: Kapitel 1: Berlin bleibt lebenswert","amendment",-73.6661529541016,-27.5875244140625
"am_99718","Änderungsantrag zu WP-1: Kapitel 1: Berlin bleibt lebenswert","amendment",-75.5569458007812,-25.752592086792
"am_99719","Änderungsantrag zu WP-1: Kapitel 1: Berlin bleibt lebenswert","amendment",-77.4175415039062,-23.4058113098145
"am_99720","Änderungsantrag zu WP-1: Kapitel 1: Berlin bleibt lebenswert","amendment",-74.4397354125977,-29.7186508178711
"am_99721","Änderungsantrag zu WP-1: Kapitel 1: Berlin bleibt lebenswert","amendment",-74.6352615356445,-28.4285106658936
"am_99722","Änderungsantrag zu WP-4: Kapitel 4: Berlin lebt Vielfalt","amendment",-74.1042251586914,-27.4132137298584
"am_99723","Änderungsantrag zu WP-4: Kapitel 4: Berlin lebt Vielfalt","amendment",-75.9965972900391,-33.6897506713867
"am_99724","Änderungsantrag zu WP-4: Kapitel 4: Berlin lebt Vielfalt","amendment",-75.4976272583008,-29.5877914428711
"am_99725","Änderungsantrag zu WP-3: Kapitel 3: Berlin gestaltet Zukunft","amendment",-69.4938507080078,-36.0645370483398
"am_99726","Änderungsantrag zu WP-1: Kapitel 1: Berlin bleibt lebenswert","amendment",-73.904655456543,-30.3131637573242
"am_99727","Änderungsantrag zu WP-1: Kapitel 1: Berlin bleibt lebenswert","amendment",-75.1714553833008,-25.1563587188721
"am_99728","Änderungsantrag zu WP-1: Kapitel 1: Berlin bleibt lebenswert","amendment",-65.577880859375,-21.9345359802246
"am_99729","Änderungsantrag zu WP-4: Kapitel 4: Berlin lebt Vielfalt","amendment",-75.386833190918,-33.1014556884766
"am_99730","Änderungsantrag zu WP-1: Kapitel 1: Berlin bleibt lebenswert","amendment",-75.5112915039062,-30.3822917938232
"am_99731","Änderungsantrag zu WP-1: Kapitel 1: Berlin bleibt lebenswert","amendment",-74.3582153320312,-29.2240200042725
"am_99732","Änderungsantrag zu WP-4: Kapitel 4: Berlin lebt Vielfalt","amendment",-76.6192016601562,-34.6879005432129
"am_99733","Änderungsantrag zu WP-3: Kapitel 3: Berlin gestaltet Zukunft","amendment",-68.167121887207,-33.9621047973633
"am_99736","Änderungsantrag zu WP-3: Kapitel 3: Berlin gestaltet Zukunft","amendment",-65.8766174316406,-39.2186698913574
"am_99737","Änderungsantrag zu WP-2: Kapitel 2: Berlin hält zusammen","amendment",-71.2265625,-31.7642421722412
"am_99738","Änderungsantrag zu WP-3: Kapitel 3: Berlin gestaltet Zukunft","amendment",-72.6366577148438,-32.5452499389648
"am_99739","WP-5-364-2: Kapitel 5: Berlin begleitet ein Leben lang","amendment",-66.9004821777344,-39.7551460266113
"am_99740","Änderungsantrag zu WP-3: Kapitel 3: Berlin gestaltet Zukunft","amendment",-72.8997573852539,-32.3881912231445
"am_99741","Änderungsantrag zu WP-3: Kapitel 3: Berlin gestaltet Zukunft","amendment",-71.7298583984375,-31.4352245330811
"am_99742","Änderungsantrag zu WP-4: Kapitel 4: Berlin lebt Vielfalt","amendment",-72.0720138549805,-27.6665515899658
"am_99743","Änderungsantrag zu WP-1: Kapitel 1: Berlin bleibt lebenswert","amendment",-71.4700622558594,-32.1695899963379
"am_99747","Änderungsantrag zu WP-1: Kapitel 1: Berlin bleibt lebenswert","amendment",-72.310661315918,-34.4470291137695
"am_99751","Änderungsantrag zu WP-4: Kapitel 4: Berlin lebt Vielfalt","amendment",-63.1433944702148,-41.3113403320312
"am_99752","Änderungsantrag zu WP-3: Kapitel 3: Berlin gestaltet Zukunft","amendment",-77.4815063476562,-26.5306339263916
"am_99754","Änderungsantrag zu WP-3: Kapitel 3: Berlin gestaltet Zukunft","amendment",-62.3996162414551,-42.4884643554688
"am_99757","Änderungsantrag zu WP-4: Kapitel 4: Berlin lebt Vielfalt","amendment",-71.7789154052734,-26.7685279846191
"am_99761","WP-4-331: Kapitel 4: Berlin lebt Vielfalt","amendment",-74.6152496337891,-27.4369125366211
"am_99763","WP-4-339: Kapitel 4: Berlin lebt Vielfalt","amendment",-75.3406982421875,-25.3549060821533
"am_99764","WP-4-345: Kapitel 4: Berlin lebt Vielfalt","amendment",-75.1359100341797,-27.8732395172119
"am_99765","WP-3-257: Kapitel 3: Berlin gestaltet Zukunft","amendment",-68.8359146118164,-34.4354667663574
"am_99766","WP-4-354: Kapitel 4: Berlin lebt Vielfalt","amendment",-70.681640625,-30.6969127655029
"am_99767","WP-4-310-4: Kapitel 4: Berlin lebt Vielfalt","amendment",-74.3665542602539,-27.2836494445801
"am_99768","WP-4-217: Kapitel 4: Berlin lebt Vielfalt","amendment",-74.1327133178711,-27.1910667419434
"am_99769","WP-4-310-3: Kapitel 4: Berlin lebt Vielfalt","amendment",-75.314811706543,-28.0073432922363
"am_99770","WP-6-323: Kapitel 6: Berlin funktioniert zuverlässig","amendment",-63.6282730102539,-41.6205635070801
"am_99771","WP-4-351: Kapitel 4: Berlin lebt Vielfalt","amendment",-71.6765823364258,-28.6229305267334
"am_99772","WP-4-826-2: Kapitel 4: Berlin lebt Vielfalt","amendment",-72.9958114624023,-31.6084976196289
"am_99776","WP-4-566: Kapitel 4: Berlin lebt Vielfalt","amendment",-72.7348251342773,-31.2426872253418
"am_99778","WP-4-536: Kapitel 4: Berlin lebt Vielfalt","amendment",-72.8454895019531,-35.6016960144043
"am_99780","Änderungsantrag zu WP-4: Kapitel 4: Berlin lebt Vielfalt","amendment",-63.4870719909668,-26.0308532714844
"am_99781","Änderungsantrag zu WP-5: Kapitel 5: Berlin begleitet ein Leben lang","amendment",-69.7226867675781,-38.1905403137207
"am_99786","WP-4-258: Kapitel 4: Berlin lebt Vielfalt","amendment",-68.2819290161133,-31.9957008361816
"am_99787","Änderungsantrag zu WP-3: Kapitel 3: Berlin gestaltet Zukunft","amendment",-58.9060211181641,-43.374454498291
"am_99788","WP-3-523-3: Kapitel 3: Berlin gestaltet Zukunft","amendment",-64.0881805419922,-45.2013053894043
"am_99789","WP-3-531-2: Kapitel 3: Berlin gestaltet Zukunft","amendment",-60.3760833740234,-42.1660919189453
"am_99790","Änderungsantrag zu WP-3: Kapitel 3: Berlin gestaltet Zukunft","amendment",-61.4510459899902,-41.3801803588867
"am_99791","Änderungsantrag zu WP-3: Kapitel 3: Berlin gestaltet Zukunft","amendment",-61.1061019897461,-42.0537948608398
"am_99792","Änderungsantrag zu WP-4: Kapitel 4: Berlin lebt Vielfalt","amendment",-66.2912063598633,-27.3538875579834
"am_99795","Änderungsantrag zu WP-3: Kapitel 3: Berlin gestaltet Zukunft","amendment",-60.5764274597168,-44.0640106201172
"am_99796","Änderungsantrag zu WP-4: Kapitel 4: Berlin lebt Vielfalt","amendment",-68.2037887573242,-27.7734413146973
"am_99797","Änderungsantrag zu WP-3: Kapitel 3: Berlin gestaltet Zukunft","amendment",-57.0908203125,-46.267219543457
"am_99798","Änderungsantrag zu WP-4: Kapitel 4: Berlin lebt Vielfalt","amendment",-79.1760787963867,-32.7297286987305
"am_99799","Änderungsantrag zu WP-1: Kapitel 1: Berlin bleibt lebenswert","amendment",-58.2694625854492,-44.8959503173828
"am_99800","Änderungsantrag zu WP-4: Kapitel 4: Berlin lebt Vielfalt","amendment",-61.7377471923828,-40.5229873657227
"am_99801","Änderungsantrag zu WP-4: Kapitel 4: Berlin lebt Vielfalt","amendment",-58.7658309936523,-45.1004409790039
"am_99802","Änderungsantrag zu WP-4: Kapitel 4: Berlin lebt Vielfalt","amendment",-60.6295356750488,-42.6293907165527
"am_99805","Änderungsantrag zu WP-4: Kapitel 4: Berlin lebt Vielfalt","amendment",-70.3674621582031,-32.2530174255371
"am_99806","Änderungsantrag zu WP-4: Kapitel 4: Berlin lebt Vielfalt","amendment",-65.704719543457,-28.4647521972656
"am_99808","Änderungsantrag zu WP-3: Kapitel 3: Berlin gestaltet Zukunft","amendment",-73.6587371826172,-29.7275161743164
"am_99809","Änderungsantrag zu WP-4: Kapitel 4: Berlin lebt Vielfalt","amendment",-56.368782043457,-41.725757598877
"am_99820","Änderungsantrag zu WP-0: Präambel","amendment",-74.6049880981445,-29.0024700164795
"am_99821","Änderungsantrag zu WP-0: Präambel","amendment",-74.5558242797852,-31.2049369812012
"am_99822","Änderungsantrag zu WP-0: Präambel","amendment",-73.8212661743164,-27.6323337554932
"am_99823","Änderungsantrag zu WP-1: Kapitel 1: Berlin bleibt lebenswert","amendment",-72.3038558959961,-27.5414733886719
"am_99824","Änderungsantrag zu WP-1: Kapitel 1: Berlin bleibt lebenswert","amendment",-72.9166717529297,-29.9317512512207
"am_99825","Änderungsantrag zu WP-1: Kapitel 1: Berlin bleibt lebenswert","amendment",-74.7650680541992,-28.9195404052734
"am_99826","Änderungsantrag zu WP-2: Kapitel 2: Berlin hält zusammen","amendment",-72.9367218017578,-27.1749744415283
"am_99827","Änderungsantrag zu WP-2: Kapitel 2: Berlin hält zusammen","amendment",-71.9007263183594,-29.6464099884033
"am_99828","Änderungsantrag zu WP-2: Kapitel 2: Berlin hält zusammen","amendment",-74.1814498901367,-28.3028030395508
"am_99829","Änderungsantrag zu WP-2: Kapitel 2: Berlin hält zusammen","amendment",-78.1998901367188,-27.5173645019531
"am_99830","Änderungsantrag zu WP-2: Kapitel 2: Berlin hält zusammen","amendment",-73.7440185546875,-30.1187992095947
"am_99831","Änderungsantrag zu WP-2: Kapitel 2: Berlin hält zusammen","amendment",-74.5856475830078,-25.8001861572266
"am_99832","Änderungsantrag zu WP-2: Kapitel 2: Berlin hält zusammen","amendment",-74.8440856933594,-29.8862380981445
"am_99833","Änderungsantrag zu WP-3: Kapitel 3: Berlin gestaltet Zukunft","amendment",-74.9865036010742,-30.5708980560303
"am_99834","Änderungsantrag zu WP-3: Kapitel 3: Berlin gestaltet Zukunft","amendment",-75.1424255371094,-29.9730815887451
"am_99835","Änderungsantrag zu WP-3: Kapitel 3: Berlin gestaltet Zukunft","amendment",-73.6235275268555,-28.5773868560791
"am_99836","Änderungsantrag zu WP-3: Kapitel 3: Berlin gestaltet Zukunft","amendment",-46.6543731689453,-12.1505718231201
"am_99837","Änderungsantrag zu WP-3: Kapitel 3: Berlin gestaltet Zukunft","amendment",-74.0413513183594,-30.1807060241699
"am_99838","Änderungsantrag zu WP-4: Kapitel 4: Berlin lebt Vielfalt","amendment",-74.6106033325195,-24.7596225738525
"am_99839","Änderungsantrag zu WP-4: Kapitel 4: Berlin lebt Vielfalt","amendment",-79.4978179931641,-25.6397571563721
"am_99840","WP-3-779: Kapitel 3: Berlin gestaltet Zukunft","amendment",-49.7242774963379,-14.559739112854
"am_99841","Änderungsantrag zu WP-4: Kapitel 4: Berlin lebt Vielfalt","amendment",-73.6980133056641,-28.3898677825928
"am_99842","Änderungsantrag zu WP-4: Kapitel 4: Berlin lebt Vielfalt","amendment",-74.9473495483398,-29.0500392913818
"am_99843","WP-3-777: Kapitel 3: Berlin gestaltet Zukunft","amendment",-46.1678047180176,-11.094051361084
"am_99844","Änderungsantrag zu WP-4: Kapitel 4: Berlin lebt Vielfalt","amendment",-71.940185546875,-26.9122924804688
"am_99845","Änderungsantrag zu WP-4: Kapitel 4: Berlin lebt Vielfalt","amendment",-78.1788482666016,-31.3725528717041
"am_99846","Änderungsantrag zu WP-4: Kapitel 4: Berlin lebt Vielfalt","amendment",-73.6059188842773,-29.296350479126
"am_99847","Änderungsantrag zu WP-4: Kapitel 4: Berlin lebt Vielfalt","amendment",-71.0896911621094,-24.2397327423096
"am_99848","Änderungsantrag zu WP-5: Kapitel 5: Berlin begleitet ein Leben lang","amendment",-73.9159469604492,-26.2114925384521
"am_99849","Änderungsantrag zu WP-5: Kapitel 5: Berlin begleitet ein Leben lang","amendment",-69.7370147705078,-29.40549659729
"am_99850","Änderungsantrag zu WP-5: Kapitel 5: Berlin begleitet ein Leben lang","amendment",-75.0672912597656,-29.7629337310791
"am_99851","Änderungsantrag zu WP-5: Kapitel 5: Berlin begleitet ein Leben lang","amendment",-73.9228897094727,-29.4912776947021
"am_99852","Änderungsantrag zu WP-6: Kapitel 6: Berlin funktioniert zuverlässig","amendment",-73.7937774658203,-29.8949966430664
"am_99854","WP-3-240: Kapitel 3: Berlin gestaltet Zukunft","amendment",-69.9100723266602,-30.7599868774414
"am_99855","WP-1-352-2: Kapitel 1: Berlin bleibt lebenswert","amendment",-65.2901077270508,-37.0831527709961
"am_99857","Änderungsantrag zu WP-1: Kapitel 1: Berlin bleibt lebenswert","amendment",-69.851318359375,-33.4578170776367
"am_99858","WP-4-687-2: Kapitel 4: Berlin lebt Vielfalt","amendment",-68.4713287353516,-33.1333236694336
"am_99859","WP-3-654-4: Kapitel 3: Berlin gestaltet Zukunft","amendment",-68.1230697631836,-35.2187538146973
"am_99860","WP-5-285: Kapitel 5: Berlin begleitet ein Leben lang","amendment",-69.7072677612305,-29.9107799530029
"am_99861","WP-5-291: Kapitel 5: Berlin begleitet ein Leben lang","amendment",-68.3935394287109,-35.0256767272949
"am_99862","WP-5-292: Kapitel 5: Berlin begleitet ein Leben lang","amendment",-68.6864395141602,-35.1387405395508
"am_99863","WP-5-323: Kapitel 5: Berlin begleitet ein Leben lang","amendment",-70.1869659423828,-35.610179901123
"am_99864","WP-5-327: Kapitel 5: Berlin begleitet ein Leben lang","amendment",-68.27734375,-35.372127532959
"am_99865","WP-5-337: Kapitel 5: Berlin begleitet ein Leben lang","amendment",-65.5378265380859,-34.7137985229492
"am_99866","WP-5-340: Kapitel 5: Berlin begleitet ein Leben lang","amendment",-69.4192123413086,-36.6524467468262
"am_99867","Änderungsantrag zu WP-4: Kapitel 4: Berlin lebt Vielfalt","amendment",-62.3365631103516,-40.8718757629395
"am_99868","WP-5-187-2: Kapitel 5: Berlin begleitet ein Leben lang","amendment",-75.9581909179688,-31.6567096710205
"am_99869","WP-4-079: Kapitel 4: Berlin lebt Vielfalt","amendment",-64.573356628418,-37.986328125
"am_99870","WP-5-626: Kapitel 5: Berlin begleitet ein Leben lang","amendment",-64.5651016235352,-37.8567314147949
"am_99871","Änderungsantrag zu WP-5: Kapitel 5: Berlin begleitet ein Leben lang","amendment",-62.0759239196777,-39.7122001647949
"am_99872","WP-6-068: Kapitel 6: Berlin funktioniert zuverlässig","amendment",-67.9249496459961,-35.7255706787109
"am_99873","Änderungsantrag zu WP-1: Kapitel 1: Berlin bleibt lebenswert","amendment",-71.3021087646484,-37.2407073974609
"am_99876","Änderungsantrag zu WP-1: Kapitel 1: Berlin bleibt lebenswert","amendment",-73.968147277832,-35.3217544555664
"am_99877","Änderungsantrag zu WP-5: Kapitel 5: Berlin begleitet ein Leben lang","amendment",-77.8126525878906,-27.2305355072021
"am_99878","WP-4-110: Kapitel 4: Berlin lebt Vielfalt","amendment",-69.1878433227539,-28.1405239105225
"am_99879","WP-4-114: Kapitel 4: Berlin lebt Vielfalt","amendment",-72.2394256591797,-33.2340240478516
"am_99880","Änderungsantrag zu WP-3: Kapitel 3: Berlin gestaltet Zukunft","amendment",-69.5197906494141,-33.0282020568848
"am_99881","WP-4-132: Kapitel 4: Berlin lebt Vielfalt","amendment",-71.1786270141602,-29.0759906768799
"am_99883","Änderungsantrag zu WP-1: Kapitel 1: Berlin bleibt lebenswert","amendment",-61.6050491333008,-40.6508941650391
"am_99884","WP-3-241-2: Kapitel 3: Berlin gestaltet Zukunft","amendment",-60.9776191711426,-40.332088470459
"am_99886","Änderungsantrag zu WP-3: Kapitel 3: Berlin gestaltet Zukunft","amendment",-67.9560241699219,-31.8315334320068
"am_99887","Änderungsantrag zu WP-3: Kapitel 3: Berlin gestaltet Zukunft","amendment",-69.1736145019531,-32.2987670898438
"am_99888","WP-5-698: Kapitel 5: Berlin begleitet ein Leben lang","amendment",-64.0384140014648,-37.7741317749023
"am_99889","Änderungsantrag zu WP-2: Kapitel 2: Berlin hält zusammen","amendment",-74.1171188354492,-31.8178749084473
"am_99890","Änderungsantrag zu WP-3: Kapitel 3: Berlin gestaltet Zukunft","amendment",-78.3487167358398,-26.1635646820068
"am_99891","Änderungsantrag zu WP-3: Kapitel 3: Berlin gestaltet Zukunft","amendment",-77.2863922119141,-26.581335067749
"am_99893","Änderungsantrag zu WP-3: Kapitel 3: Berlin gestaltet Zukunft","amendment",-70.7633285522461,-27.332145690918
"am_99895","WP-2-055: Kapitel 2: Berlin hält zusammen","amendment",-74.2806549072266,-28.3661613464355
"am_99897","WP-3-493: Kapitel 3: Berlin gestaltet Zukunft","amendment",-73.0725708007812,-28.5920696258545
"am_99900","WP-5-333: Kapitel 5: Berlin begleitet ein Leben lang","amendment",-73.3437042236328,-32.1942672729492
"am_99902","WP-3-631: Kapitel 3: Berlin gestaltet Zukunft","amendment",-77.5250778198242,-28.0861396789551
"am_99903","Änderungsantrag zu WP-4: Kapitel 4: Berlin lebt Vielfalt","amendment",-71.3357009887695,-33.283805847168
"am_99908","WP-4-230-3: Kapitel 4: Berlin lebt Vielfalt","amendment",-69.8418273925781,-33.9950256347656
"am_99911","Änderungsantrag zu WP-2: Kapitel 2: Berlin hält zusammen","amendment",-75.8550262451172,-34.9472465515137
"am_99914","Änderungsantrag zu WP-3: Kapitel 3: Berlin gestaltet Zukunft","amendment",-67.4754943847656,-35.3832397460938
"am_99915","Änderungsantrag zu WP-2: Kapitel 2: Berlin hält zusammen","amendment",-79.1628036499023,-30.119535446167
"am_99917","WP-0-022: Präambel","amendment",-70.1237869262695,-32.8084487915039
"am_99922","Änderungsantrag zu WP-2: Kapitel 2: Berlin hält zusammen","amendment",-76.5000839233398,-35.4834022521973
"am_99926","WP-4-814: Kapitel 4: Berlin lebt Vielfalt","amendment",-69.8407516479492,-35.0644454956055
"am_99934","Änderungsantrag zu WP-2: Kapitel 2: Berlin hält zusammen","amendment",-74.7035675048828,-35.2383728027344
"am_99951","Änderungsantrag zu WP-5: Kapitel 5: Berlin begleitet ein Leben lang","amendment",-63.0988655090332,-44.0669593811035
"am_99952","Änderungsantrag zu WP-2: Kapitel 2: Berlin hält zusammen","amendment",-73.6717300415039,-28.293327331543
"am_99953","Änderungsantrag zu WP-3: Kapitel 3: Berlin gestaltet Zukunft","amendment",-56.1498794555664,-43.2632865905762
"am_99954","Änderungsantrag zu WP-3: Kapitel 3: Berlin gestaltet Zukunft","amendment",-59.0156059265137,-43.2168045043945
"am_99955","Änderungsantrag zu WP-3: Kapitel 3: Berlin gestaltet Zukunft","amendment",-59.3436431884766,-44.5585784912109
"am_99956","Änderungsantrag zu WP-2: Kapitel 2: Berlin hält zusammen","amendment",-74.4892807006836,-31.5492725372314
"am_99957","Änderungsantrag zu WP-2: Kapitel 2: Berlin hält zusammen","amendment",-73.8591384887695,-30.687183380127
"am_99958","Änderungsantrag zu WP-2: Kapitel 2: Berlin hält zusammen","amendment",-73.646842956543,-31.194206237793
"am_99959","Änderungsantrag zu WP-3: Kapitel 3: Berlin gestaltet Zukunft","amendment",-73.357421875,-31.197732925415
"am_99960","Änderungsantrag zu WP-3: Kapitel 3: Berlin gestaltet Zukunft","amendment",-72.9018096923828,-29.6889057159424
"am_99961","Änderungsantrag zu WP-3: Kapitel 3: Berlin gestaltet Zukunft","amendment",-72.9808197021484,-30.9171867370605
"am_99962","Änderungsantrag zu WP-3: Kapitel 3: Berlin gestaltet Zukunft","amendment",-74.552848815918,-31.7512912750244
"am_99963","WP-2-587: Kapitel 2: Berlin hält zusammen","amendment",-72.3651504516602,-33.4293403625488
"am_99964","Änderungsantrag zu WP-3: Kapitel 3: Berlin gestaltet Zukunft","amendment",-72.302131652832,-30.6999797821045
"am_99966","WP-2-592: Kapitel 2: Berlin hält zusammen","amendment",-72.5945281982422,-32.7889137268066
"am_99967","Änderungsantrag zu WP-4: Kapitel 4: Berlin lebt Vielfalt","amendment",-74.0679702758789,-30.4427604675293
"am_99969","Änderungsantrag zu WP-4: Kapitel 4: Berlin lebt Vielfalt","amendment",-72.0345306396484,-28.1285152435303
"am_99971","Änderungsantrag zu WP-4: Kapitel 4: Berlin lebt Vielfalt","amendment",-75.6498794555664,-32.6027793884277
"am_99972","Änderungsantrag zu WP-3: Kapitel 3: Berlin gestaltet Zukunft","amendment",-61.4433708190918,-44.3123168945312
"am_99983","Änderungsantrag zu WP-3: Kapitel 3: Berlin gestaltet Zukunft","amendment",-57.142951965332,-45.40625
"am_99985","Änderungsantrag zu WP-4: Kapitel 4: Berlin lebt Vielfalt","amendment",-74.0294418334961,-32.016487121582
"am_99989","Änderungsantrag zu WP-5: Kapitel 5: Berlin begleitet ein Leben lang","amendment",-73.9362258911133,-30.7274780273438
"am_99990","Änderungsantrag zu WP-2: Kapitel 2: Berlin hält zusammen","amendment",-57.1878547668457,-40.7583236694336
"am_99992","Änderungsantrag zu WP-5: Kapitel 5: Berlin begleitet ein Leben lang","amendment",-73.4747314453125,-31.5475673675537
"am_99993","WP-2-167: Kapitel 2: Berlin hält zusammen","amendment",-60.3170700073242,-42.9156036376953
"am_99994","WP-6-579: Kapitel 6: Berlin funktioniert zuverlässig","amendment",-73.5237655639648,-36.061954498291
"am_99995","Änderungsantrag zu WP-5: Kapitel 5: Berlin begleitet ein Leben lang","amendment",-73.8083343505859,-30.9589023590088
"am_99997","Änderungsantrag zu WP-5: Kapitel 5: Berlin begleitet ein Leben lang","amendment",-74.9173812866211,-30.6689300537109
"am_99999","Änderungsantrag zu WP-3: Kapitel 3: Berlin gestaltet Zukunft","amendment",-68.9681777954102,-43.3301239013672
"am_100001","WP-4-657: Kapitel 4: Berlin lebt Vielfalt","amendment",-69.2740707397461,-35.0039863586426
"am_100004","Änderungsantrag zu WP-0: Präambel","amendment",-72.46728515625,-32.6745491027832
"am_100005","WP-5-155: Kapitel 5: Berlin begleitet ein Leben lang","amendment",-65.5502700805664,-35.3037147521973
"am_100006","Änderungsantrag zu WP-3: Kapitel 3: Berlin gestaltet Zukunft","amendment",-63.5092926025391,-35.7834854125977
"am_100007","Änderungsantrag zu WP-6: Kapitel 6: Berlin funktioniert zuverlässig","amendment",-72.5875930786133,-29.8386363983154
"am_100009","Änderungsantrag zu WP-2: Kapitel 2: Berlin hält zusammen","amendment",-72.0067443847656,-30.4898929595947
"am_100013","Änderungsantrag zu WP-6: Kapitel 6: Berlin funktioniert zuverlässig","amendment",-71.6364593505859,-30.7830905914307
"am_100014","WP-4-707: Kapitel 4: Berlin lebt Vielfalt","amendment",-67.6829071044922,-36.3321952819824
"am_100025","Änderungsantrag zu WP-4: Kapitel 4: Berlin lebt Vielfalt","amendment",-74.8759613037109,-27.1163787841797
"am_100028","WP-5-003: Kapitel 5: Berlin begleitet ein Leben lang","amendment",-73.9938125610352,-31.2101764678955
"am_100029","WP-6-079: Kapitel 6: Berlin funktioniert zuverlässig","amendment",-69.6807250976562,-35.1131629943848
"am_100035","WP-5-148: Kapitel 5: Berlin begleitet ein Leben lang","amendment",-73.9251327514648,-32.6441802978516
"am_100041","Änderungsantrag zu WP-6: Kapitel 6: Berlin funktioniert zuverlässig","amendment",-72.8837585449219,-31.9828071594238
"am_100045","Änderungsantrag zu WP-6: Kapitel 6: Berlin funktioniert zuverlässig","amendment",-72.3650741577148,-30.5587120056152
"am_100047","WP-4-546: Kapitel 4: Berlin lebt Vielfalt","amendment",-72.0540084838867,-32.5649681091309
"am_100051","Änderungsantrag zu WP-2: Kapitel 2: Berlin hält zusammen","amendment",-70.0498428344727,-30.2694511413574
"am_100060","WP-5-165: Kapitel 5: Berlin begleitet ein Leben lang","amendment",-73.3307266235352,-32.0940322875977
"am_100062","Änderungsantrag zu WP-6: Kapitel 6: Berlin funktioniert zuverlässig","amendment",-73.474006652832,-33.1683197021484
"am_100077","Änderungsantrag zu WP-4: Kapitel 4: Berlin lebt Vielfalt","amendment",-75.902961730957,-27.2915573120117
"am_100079","Änderungsantrag zu WP-4: Kapitel 4: Berlin lebt Vielfalt","amendment",-71.6523513793945,-28.4397830963135
"am_100080","Änderungsantrag zu WP-4: Kapitel 4: Berlin lebt Vielfalt","amendment",-75.4832763671875,-29.4682540893555
"am_100081","Änderungsantrag zu WP-2: Kapitel 2: Berlin hält zusammen","amendment",-75.253303527832,-31.108118057251
"am_100082","Änderungsantrag zu WP-2: Kapitel 2: Berlin hält zusammen","amendment",-74.6160125732422,-28.6561584472656
"am_100083","Änderungsantrag zu WP-2: Kapitel 2: Berlin hält zusammen","amendment",-72.634407043457,-30.9186401367188
"am_100084","Änderungsantrag zu WP-2: Kapitel 2: Berlin hält zusammen","amendment",-72.2831802368164,-30.469799041748
"am_100085","Änderungsantrag zu WP-5: Kapitel 5: Berlin begleitet ein Leben lang","amendment",-73.5991516113281,-34.4051170349121
"am_100086","Änderungsantrag zu WP-5: Kapitel 5: Berlin begleitet ein Leben lang","amendment",-57.6239051818848,-44.1083183288574
"am_100087","Änderungsantrag zu WP-3: Kapitel 3: Berlin gestaltet Zukunft","amendment",-57.7087364196777,-45.6384124755859
"am_100088","Änderungsantrag zu WP-1: Kapitel 1: Berlin bleibt lebenswert","amendment",-72.9012756347656,-33.541088104248
"am_100089","Änderungsantrag zu WP-3: Kapitel 3: Berlin gestaltet Zukunft","amendment",-73.1880035400391,-32.9824447631836
"am_100090","WP-3-758: Kapitel 3: Berlin gestaltet Zukunft","amendment",-47.0167655944824,-10.9940605163574
"am_100091","Änderungsantrag zu WP-1: Kapitel 1: Berlin bleibt lebenswert","amendment",-59.0995941162109,-45.461784362793
"am_100092","Änderungsantrag zu WP-6: Kapitel 6: Berlin funktioniert zuverlässig","amendment",-72.5354309082031,-28.718994140625
"am_100093","Änderungsantrag zu WP-0: Präambel","amendment",-77.5384216308594,-30.7712936401367
"am_100094","Änderungsantrag zu WP-5: Kapitel 5: Berlin begleitet ein Leben lang","amendment",-62.1788330078125,-40.357421875
"am_100095","Änderungsantrag zu WP-3: Kapitel 3: Berlin gestaltet Zukunft","amendment",-56.3917350769043,-44.8026542663574
"am_100096","Änderungsantrag zu WP-0: Präambel","amendment",-77.9485397338867,-30.0881862640381
"am_100097","Änderungsantrag zu WP-0: Präambel","amendment",-77.1939010620117,-31.0424747467041
"am_100098","Änderungsantrag zu WP-0: Präambel","amendment",-78.2363128662109,-30.8096218109131
"am_100099","Änderungsantrag zu WP-0: Präambel","amendment",-78.3201751708984,-30.2429084777832
"am_100100","Änderungsantrag zu WP-1: Kapitel 1: Berlin bleibt lebenswert","amendment",-75.9785614013672,-28.7111225128174
"am_100103","Änderungsantrag zu WP-1: Kapitel 1: Berlin bleibt lebenswert","amendment",-78.8831787109375,-30.6893348693848
"am_100106","Änderungsantrag zu WP-4: Kapitel 4: Berlin lebt Vielfalt","amendment",-69.7121429443359,-25.4636631011963
"am_100107","Änderungsantrag zu WP-1: Kapitel 1: Berlin bleibt lebenswert","amendment",-78.2581405639648,-29.4508419036865
"am_100108","WP-2-056-2: Kapitel 2: Berlin hält zusammen","amendment",-63.9330863952637,-43.978572845459
"am_100109","Änderungsantrag zu WP-3: Kapitel 3: Berlin gestaltet Zukunft","amendment",-77.7046890258789,-29.3688945770264
"am_100110","Änderungsantrag zu WP-3: Kapitel 3: Berlin gestaltet Zukunft","amendment",-76.6195068359375,-30.1391277313232
"am_100111","Änderungsantrag zu WP-3: Kapitel 3: Berlin gestaltet Zukunft","amendment",-72.9096145629883,-31.5510711669922
"am_100112","Änderungsantrag zu WP-6: Kapitel 6: Berlin funktioniert zuverlässig","amendment",-71.589241027832,-30.3851680755615
"am_100115","Änderungsantrag zu WP-4: Kapitel 4: Berlin lebt Vielfalt","amendment",-75.6793594360352,-30.8920402526855
"am_100116","WP-1-085-2: Kapitel 1: Berlin bleibt lebenswert","amendment",-73.2065887451172,-29.8900451660156
"am_100117","WP-5-017: Kapitel 5: Berlin begleitet ein Leben lang","amendment",-69.6728591918945,-35.5940780639648
"am_100118","WP-2-556: Kapitel 2: Berlin hält zusammen","amendment",-71.7543487548828,-31.8933353424072
"am_100119","Änderungsantrag zu WP-1: Kapitel 1: Berlin bleibt lebenswert","amendment",-73.1699981689453,-29.2520046234131
"am_100120","WP-1-085-3: Kapitel 1: Berlin bleibt lebenswert","amendment",-74.5399780273438,-30.0465221405029
"am_100121","WP-1-008: Kapitel 1: Berlin bleibt lebenswert","amendment",-73.3719177246094,-30.7727298736572
"am_100122","Änderungsantrag zu WP-6: Kapitel 6: Berlin funktioniert zuverlässig","amendment",-73.2406311035156,-32.1009292602539
"am_100123","WP-1-013-2: Kapitel 1: Berlin bleibt lebenswert","amendment",-72.9340972900391,-28.7198944091797
"am_100124","WP-3-148-3: Kapitel 3: Berlin gestaltet Zukunft","amendment",-61.4731178283691,-45.5201416015625
"am_100125","WP-1-019-3: Kapitel 1: Berlin bleibt lebenswert","amendment",-74.2481536865234,-30.9655132293701
"am_100126","WP-3-143: Kapitel 3: Berlin gestaltet Zukunft","amendment",-61.958381652832,-42.9392280578613
"am_100127","WP-2-493-2: Kapitel 2: Berlin hält zusammen","amendment",-60.5072135925293,-42.0846099853516
"am_100128","WP-4-692-2: Kapitel 4: Berlin lebt Vielfalt","amendment",-64.0447235107422,-39.412769317627
"am_100129","Änderungsantrag zu WP-2: Kapitel 2: Berlin hält zusammen","amendment",-60.7357521057129,-41.5699348449707
"am_100130","Änderungsantrag zu WP-4: Kapitel 4: Berlin lebt Vielfalt","amendment",-75.6883697509766,-31.7663650512695
"am_100131","Änderungsantrag zu WP-4: Kapitel 4: Berlin lebt Vielfalt","amendment",-77.0858840942383,-30.8788909912109
"am_100132","Änderungsantrag zu WP-1: Kapitel 1: Berlin bleibt lebenswert","amendment",-74.4901809692383,-29.9638500213623
"am_100133","Änderungsantrag zu WP-4: Kapitel 4: Berlin lebt Vielfalt","amendment",-77.4056167602539,-31.1737880706787
"am_100134","Änderungsantrag zu WP-3: Kapitel 3: Berlin gestaltet Zukunft","amendment",-74.9515991210938,-34.3176155090332
"am_100135","Änderungsantrag zu WP-3: Kapitel 3: Berlin gestaltet Zukunft","amendment",-75.0739059448242,-28.797550201416
"am_100136","Änderungsantrag zu WP-3: Kapitel 3: Berlin gestaltet Zukunft","amendment",-71.9644241333008,-31.3246726989746
"am_100138","WP-4-078-2: Kapitel 4: Berlin lebt Vielfalt","amendment",-73.8718566894531,-31.4778957366943
"am_100139","Änderungsantrag zu WP-3: Kapitel 3: Berlin gestaltet Zukunft","amendment",-74.4221038818359,-30.9652462005615
"am_100142","Änderungsantrag zu WP-3: Kapitel 3: Berlin gestaltet Zukunft","amendment",-77.5129852294922,-33.0035629272461
"am_100144","Änderungsantrag zu WP-3: Kapitel 3: Berlin gestaltet Zukunft","amendment",-74.4981231689453,-31.0549583435059
"am_100145","Änderungsantrag zu WP-3: Kapitel 3: Berlin gestaltet Zukunft","amendment",-74.8746337890625,-29.7208366394043
"am_100149","Änderungsantrag zu WP-3: Kapitel 3: Berlin gestaltet Zukunft","amendment",-73.1998519897461,-30.7967166900635
"am_100151","Änderungsantrag zu WP-3: Kapitel 3: Berlin gestaltet Zukunft","amendment",-75.02978515625,-31.2925987243652
"am_100153","Änderungsantrag zu WP-4: Kapitel 4: Berlin lebt Vielfalt","amendment",-69.5012817382812,-25.7948188781738
"am_100155","Änderungsantrag zu WP-3: Kapitel 3: Berlin gestaltet Zukunft","amendment",-75.4210586547852,-30.3387050628662
"am_100156","Änderungsantrag zu WP-3: Kapitel 3: Berlin gestaltet Zukunft","amendment",-75.8909454345703,-30.5416507720947
"am_100158","Änderungsantrag zu WP-3: Kapitel 3: Berlin gestaltet Zukunft","amendment",-77.4852905273438,-29.6377334594727
"am_100160","Änderungsantrag zu WP-3: Kapitel 3: Berlin gestaltet Zukunft","amendment",-72.8502044677734,-28.620922088623
"am_100161","WP-3-499: Kapitel 3: Berlin gestaltet Zukunft","amendment",-67.5916748046875,-36.4624290466309
"am_100163","Änderungsantrag zu WP-3: Kapitel 3: Berlin gestaltet Zukunft","amendment",-73.0147933959961,-30.2405891418457
"am_100173","Änderungsantrag zu WP-1: Kapitel 1: Berlin bleibt lebenswert","amendment",-73.9597015380859,-31.3552017211914
"am_100178","Änderungsantrag zu WP-1: Kapitel 1: Berlin bleibt lebenswert","amendment",-73.7166366577148,-29.0471343994141
"am_100180","Änderungsantrag zu WP-1: Kapitel 1: Berlin bleibt lebenswert","amendment",-74.6590576171875,-31.8090877532959
"am_100184","Änderungsantrag zu WP-3: Kapitel 3: Berlin gestaltet Zukunft","amendment",-63.9820899963379,-37.3871307373047
"am_100191","Änderungsantrag zu WP-4: Kapitel 4: Berlin lebt Vielfalt","amendment",-77.4922332763672,-20.9680061340332
"am_100193","Änderungsantrag zu WP-3: Kapitel 3: Berlin gestaltet Zukunft","amendment",-66.3674545288086,-39.0658378601074
"am_100209","Änderungsantrag zu WP-3: Kapitel 3: Berlin gestaltet Zukunft","amendment",-67.2082443237305,-37.5889320373535
"am_100212","Änderungsantrag zu WP-5: Kapitel 5: Berlin begleitet ein Leben lang","amendment",-59.0575637817383,-41.9044418334961
"am_100214","Änderungsantrag zu WP-2: Kapitel 2: Berlin hält zusammen","amendment",-73.9126663208008,-32.0500907897949
"am_100230","Änderungsantrag zu WP-1: Kapitel 1: Berlin bleibt lebenswert","amendment",-74.3800659179688,-28.6992378234863
"am_100232","Änderungsantrag zu WP-3: Kapitel 3: Berlin gestaltet Zukunft","amendment",-67.5414123535156,-37.2619285583496
"am_100233","Änderungsantrag zu WP-3: Kapitel 3: Berlin gestaltet Zukunft","amendment",-74.0905990600586,-27.0512847900391
"am_100235","WP-4-088-2: Kapitel 4: Berlin lebt Vielfalt","amendment",-61.9812812805176,-34.2456245422363
"am_100237","WP-5-101: Kapitel 5: Berlin begleitet ein Leben lang","amendment",-73.5958404541016,-30.8640117645264
"am_100242","Änderungsantrag zu WP-5: Kapitel 5: Berlin begleitet ein Leben lang","amendment",-76.7003784179688,-28.4206447601318
"am_100247","Änderungsantrag zu WP-6: Kapitel 6: Berlin funktioniert zuverlässig","amendment",-71.6775741577148,-29.7227001190186
"am_100251","WP-4-088-3: Kapitel 4: Berlin lebt Vielfalt","amendment",-66.2013931274414,-38.8512153625488
"am_100255","Änderungsantrag zu WP-5: Kapitel 5: Berlin begleitet ein Leben lang","amendment",-14.431324005127,-79.5349655151367
"am_100260","Änderungsantrag zu WP-5: Kapitel 5: Berlin begleitet ein Leben lang","amendment",-10.9308090209961,-76.0360412597656
"am_100264","WP-4-300-2: Kapitel 4: Berlin lebt Vielfalt","amendment",-80.5004348754883,-30.0784454345703
"am_100266","Änderungsantrag zu WP-3: Kapitel 3: Berlin gestaltet Zukunft","amendment",-77.9876251220703,-26.2197017669678
"am_100269","Änderungsantrag zu WP-5: Kapitel 5: Berlin begleitet ein Leben lang","amendment",-10.6211996078491,-84.4098663330078
"am_100273","Änderungsantrag zu WP-3: Kapitel 3: Berlin gestaltet Zukunft","amendment",-75.6832427978516,-29.6788539886475
"am_100275","WP-5-211-2: Kapitel 5: Berlin begleitet ein Leben lang","amendment",-62.9443092346191,-41.9349670410156
"am_100277","WP-5-220-5: Kapitel 5: Berlin begleitet ein Leben lang","amendment",-58.7436103820801,-36.2412261962891
"am_100279","WP-5-220-6: Kapitel 5: Berlin begleitet ein Leben lang","amendment",-63.8965148925781,-41.4370307922363
"am_100284","WP-5-236-3: Kapitel 5: Berlin begleitet ein Leben lang","amendment",-63.8813171386719,-39.7520294189453
"am_100303","Änderungsantrag zu WP-5: Kapitel 5: Berlin begleitet ein Leben lang","amendment",-73.2895812988281,-32.5294036865234
"am_100305","WP-3-493-2: Kapitel 3: Berlin gestaltet Zukunft","amendment",-74.9358520507812,-29.4913387298584
"am_100306","Änderungsantrag zu WP-4: Kapitel 4: Berlin lebt Vielfalt","amendment",-73.245475769043,-33.2488250732422
"am_100316","WP-5-045-2: Kapitel 5: Berlin begleitet ein Leben lang","amendment",-74.3976287841797,-30.5810604095459
"am_100319","Änderungsantrag zu WP-4: Kapitel 4: Berlin lebt Vielfalt","amendment",-73.4997787475586,-32.7615547180176
"am_100321","WP-5-136: Kapitel 5: Berlin begleitet ein Leben lang","amendment",-74.2010498046875,-31.3913402557373
"am_100322","Änderungsantrag zu WP-5: Kapitel 5: Berlin begleitet ein Leben lang","amendment",-68.8293151855469,-37.1616020202637
"am_100324","Änderungsantrag zu WP-4: Kapitel 4: Berlin lebt Vielfalt","amendment",-74.6417083740234,-32.0406112670898
"am_100335","Änderungsantrag zu WP-3: Kapitel 3: Berlin gestaltet Zukunft","amendment",-72.3738479614258,-28.9083518981934
"am_100351","Änderungsantrag zu WP-2: Kapitel 2: Berlin hält zusammen","amendment",-75.2574462890625,-28.9821166992188
"am_100353","Änderungsantrag zu WP-2: Kapitel 2: Berlin hält zusammen","amendment",-73.5904006958008,-29.4077606201172
"am_100355","Änderungsantrag zu WP-6: Kapitel 6: Berlin funktioniert zuverlässig","amendment",-65.0964889526367,-38.4625205993652
"am_100357","Änderungsantrag zu WP-2: Kapitel 2: Berlin hält zusammen","amendment",-74.74462890625,-29.5012722015381
"am_100362","WP-1-472: Kapitel 1: Berlin bleibt lebenswert","amendment",-74.8514022827148,-29.4235019683838
"am_100363","Änderungsantrag zu WP-4: Kapitel 4: Berlin lebt Vielfalt","amendment",-75.8706665039062,-29.8295001983643
"am_100389","Änderungsantrag zu WP-1: Kapitel 1: Berlin bleibt lebenswert","amendment",-68.5830078125,-38.0079689025879
"am_100415","Änderungsantrag zu WP-4: Kapitel 4: Berlin lebt Vielfalt","amendment",-65.8745803833008,-37.6270217895508
"am_100422","Änderungsantrag zu WP-2: Kapitel 2: Berlin hält zusammen","amendment",-77.5516967773438,-24.6696853637695
"am_100425","Änderungsantrag zu WP-5: Kapitel 5: Berlin begleitet ein Leben lang","amendment",-73.3374404907227,-30.258321762085
"am_100432","Änderungsantrag zu WP-0: Präambel","amendment",-71.1071701049805,-34.0407333374023
"am_100437","Änderungsantrag zu WP-4: Kapitel 4: Berlin lebt Vielfalt","amendment",-73.0057373046875,-30.7394924163818
"am_100439","Änderungsantrag zu WP-4: Kapitel 4: Berlin lebt Vielfalt","amendment",-74.4155883789062,-33.3858337402344
"am_100441","Änderungsantrag zu WP-1: Kapitel 1: Berlin bleibt lebenswert","amendment",-68.4026107788086,-35.6556777954102
"am_100442","Änderungsantrag zu WP-2: Kapitel 2: Berlin hält zusammen","amendment",-75.2176284790039,-28.9854202270508
"am_100443","Änderungsantrag zu WP-3: Kapitel 3: Berlin gestaltet Zukunft","amendment",-72.8085861206055,-28.9597244262695
"am_100444","Änderungsantrag zu WP-2: Kapitel 2: Berlin hält zusammen","amendment",-76.3977279663086,-28.9393138885498
"am_100446","Änderungsantrag zu WP-2: Kapitel 2: Berlin hält zusammen","amendment",-76.1131134033203,-28.3931217193604
"am_100447","Änderungsantrag zu WP-2: Kapitel 2: Berlin hält zusammen","amendment",-76.1210708618164,-28.4828701019287
"am_100448","Änderungsantrag zu WP-2: Kapitel 2: Berlin hält zusammen","amendment",-76.0685882568359,-29.1606159210205
"am_100450","Änderungsantrag zu WP-2: Kapitel 2: Berlin hält zusammen","amendment",-76.4512252807617,-29.4431648254395
"am_100451","Änderungsantrag zu WP-2: Kapitel 2: Berlin hält zusammen","amendment",-79.9090957641602,-27.3545227050781
"am_100452","Änderungsantrag zu WP-2: Kapitel 2: Berlin hält zusammen","amendment",-76.3692092895508,-29.1137218475342
"am_100453","Änderungsantrag zu WP-2: Kapitel 2: Berlin hält zusammen","amendment",-76.439582824707,-28.6183090209961
"am_100454","Änderungsantrag zu WP-2: Kapitel 2: Berlin hält zusammen","amendment",-76.2668685913086,-29.452657699585
"am_100455","Änderungsantrag zu WP-2: Kapitel 2: Berlin hält zusammen","amendment",-73.0913238525391,-26.4027252197266
"am_100456","Änderungsantrag zu WP-2: Kapitel 2: Berlin hält zusammen","amendment",-76.3146438598633,-25.6480178833008
"am_100458","Änderungsantrag zu WP-5: Kapitel 5: Berlin begleitet ein Leben lang","amendment",-62.2798156738281,-37.020320892334
"am_100459","Änderungsantrag zu WP-1: Kapitel 1: Berlin bleibt lebenswert","amendment",-76.2005081176758,-26.8646640777588
"am_100460","Änderungsantrag zu WP-4: Kapitel 4: Berlin lebt Vielfalt","amendment",-75.2287521362305,-23.4867095947266
"am_100461","Änderungsantrag zu WP-1: Kapitel 1: Berlin bleibt lebenswert","amendment",-58.469596862793,-40.8737831115723
"am_100462","Änderungsantrag zu WP-4: Kapitel 4: Berlin lebt Vielfalt","amendment",-77.2318344116211,-28.8852348327637
"am_100463","Änderungsantrag zu WP-5: Kapitel 5: Berlin begleitet ein Leben lang","amendment",-77.2502593994141,-30.6308155059814
"am_100466","Änderungsantrag zu WP-2: Kapitel 2: Berlin hält zusammen","amendment",-56.9843101501465,-36.6740264892578
"am_100467","Änderungsantrag zu WP-5: Kapitel 5: Berlin begleitet ein Leben lang","amendment",-76.2437286376953,-28.530855178833
"am_100477","Änderungsantrag zu WP-4: Kapitel 4: Berlin lebt Vielfalt","amendment",-75.86279296875,-27.8646984100342
"am_100478","Änderungsantrag zu WP-6: Kapitel 6: Berlin funktioniert zuverlässig","amendment",-74.7774124145508,-31.0147495269775
"am_100483","Änderungsantrag zu WP-5: Kapitel 5: Berlin begleitet ein Leben lang","amendment",-77.5507278442383,-31.1567764282227
"am_100485","Änderungsantrag zu WP-5: Kapitel 5: Berlin begleitet ein Leben lang","amendment",-72.1447677612305,-28.2370796203613
"am_100486","Änderungsantrag zu WP-2: Kapitel 2: Berlin hält zusammen","amendment",-77.4806060791016,-28.8283977508545
